date,station,latitude,longitude,elevation,name,PRCP,TAVG
2023-12-20,GHCND:CA006020559,48.6333,-93.9667,335.0,"BARWICK, MN US",0.0,-4.8
2023-12-20,GHCND:US1MNAA0031,45.248781,-93.159667,274.9,"HAM LAKE 2.2 E, MN US",0.0,
2023-12-20,GHCND:US1MNAA0073,45.30231,-93.41459,273.1,"ANOKA 6.5 N, MN US",0.0,
2023-12-20,GHCND:US1MNAA0074,45.216438,-93.373616,267.0,"ANOKA 0.9 ENE, MN US",0.0,
2023-12-20,GHCND:US1MNAA0075,45.17036,-93.04356,278.0,"CENTERVILLE 0.7 NE, MN US",0.0,
2023-12-20,GHCND:US1MNAA0076,45.3036,-93.4262,276.8,"NOWTHEN 2.9 SSE, MN US",0.0,
2023-12-20,GHCND:US1MNAA0084,45.197796,-93.397165,260.9,"ANOKA 0.9 SSW, MN US",0.0,
2023-12-20,GHCND:US1MNAA0090,45.162891,-93.324591,266.7,"COON RAPIDS 1.1 SW, MN US",0.0,
2023-12-20,GHCND:US1MNAA0092,45.26114,-93.36463,270.4,"ANDOVER 1.9 W, MN US",0.0,
2023-12-20,GHCND:US1MNAA0093,45.3151,-93.170328,278.3,"EAST BETHEL 1.6 ESE, MN US",0.0,
2023-12-20,GHCND:US1MNAA0110,45.199392,-93.102473,278.0,"LINO LAKES 2.4 NNW, MN US",0.0,
2023-12-20,GHCND:US1MNAA0113,45.3747,-93.3593,279.2,"OAK GROVE 2.8 NW, MN US",0.0,
2023-12-20,GHCND:US1MNAA0116,45.151723,-93.026244,282.2,"LINO LAKES 3.0 ESE, MN US",0.0,
2023-12-20,GHCND:US1MNAA0121,45.158575,-93.26141,276.1,"BLAINE 2.7 WSW, MN US",0.0,
2023-12-20,GHCND:US1MNAA0129,45.275055,-93.175981,278.3,"HAM LAKE 2.0 NE, MN US",0.0,
2023-12-20,GHCND:US1MNAA0131,45.194062,-93.309262,271.3,"COON RAPIDS 1.3 N, MN US",0.0,
2023-12-20,GHCND:US1MNAA0140,45.168056,-93.30614,262.7,"COON RAPIDS 0.5 SSE, MN US",0.0,
2023-12-20,GHCND:US1MNAA0151,45.0823457398564,-93.2674296014169,259.4,"FRIDLEY 0.4 WSW, MN US",0.0,
2023-12-20,GHCND:US1MNAA0161,45.2362,-93.3096,271.0,"ANDOVER 1.7 SSE, MN US",0.0,
2023-12-20,GHCND:US1MNAA0169,45.3053956,-93.3489388,273.1,"OAK GROVE 2.7 SSW, MN US",0.0,
2023-12-20,GHCND:US1MNAA0175,45.3571,-93.1789,281.0,"EAST BETHEL 1.2 E, MN US",0.0,
2023-12-20,GHCND:US1MNAT0004,46.7137526,-93.2885277,383.7,"MCGREGOR 7.3 N, MN US",0.0,
2023-12-20,GHCND:US1MNAT0005,46.6376017,-93.1455494,388.6,"TAMARACK 1.4 SW, MN US",0.0,
2023-12-20,GHCND:US1MNAT0008,46.2145,-93.4124,395.6,"ISLE 5.6 NNE, MN US",0.0,
2023-12-20,GHCND:US1MNAT0017,46.6274972,-93.0870015,395.9,"TAMARACK 2.5 SE, MN US",0.0,
2023-12-20,GHCND:US1MNAT0022,46.6215751,-93.122279,388.0,"TAMARACK 2.2 S, MN US",0.0,
2023-12-20,GHCND:US1MNAT0024,46.1964,-93.178,388.9,"MCGRATH 5.6 SE, MN US",0.0,
2023-12-20,GHCND:US1MNAT0027,46.2067409,-93.2001334,394.7,"MCGRATH 4.3 SE, MN US",0.0,
2023-12-20,GHCND:US1MNAT0032,46.766388,-93.259249,376.1,"MCGREGOR 11.1 NNE, MN US",0.0,
2023-12-20,GHCND:US1MNBK0006,46.798502,-96.12177,442.9,"LAKE PARK 6.0 S, MN US",0.0,
2023-12-20,GHCND:US1MNBK0010,46.88666667,-95.84444444,420.0,"DETROIT LAKES 5.7 N, MN US",0.0,
2023-12-20,GHCND:US1MNBK0015,46.7415,-96.1109,418.5,"LAKE PARK 9.9 S, MN US",0.0,
2023-12-20,GHCND:US1MNBK0016,47.086532,-95.269513,476.7,"PARK RAPIDS 15.3 NW, MN US",0.0,
2023-12-20,GHCND:US1MNBK0025,46.9453415,-95.6995278,454.2,"ROCHERT 6.0 N, MN US",0.0,
2023-12-20,GHCND:US1MNBK0028,47.1258,-95.40702,494.1,"PONSFORD 10.9 N, MN US",0.0,
2023-12-20,GHCND:US1MNBM0011,47.54939167,-94.85669167,425.2,"BEMIDJI 4.8 NNE, MN US",0.0,
2023-12-20,GHCND:US1MNBM0014,47.49069,-95.12177,435.3,"SOLWAY 2.1 S, MN US",0.0,
2023-12-20,GHCND:US1MNBM0015,47.520435,-94.721218,417.9,"BEMIDJI 7.8 ENE, MN US",0.0,
2023-12-20,GHCND:US1MNBM0021,47.495032,-94.824622,416.7,"BEMIDJI 2.6 ENE, MN US",0.0,
2023-12-20,GHCND:US1MNBM0022,47.444805,-94.88965,414.5,"BEMIDJI 2.6 SSW, MN US",0.0,
2023-12-20,GHCND:US1MNBN0006,45.67037,-94.166798,331.3,"RICE 6.5 SSE, MN US",0.0,
2023-12-20,GHCND:US1MNBN0012,45.7008,-94.2044,319.1,"RICE 3.8 SSE, MN US",0.0,
2023-12-20,GHCND:US1MNBN0013,45.747691,-94.15996167,312.7,"RICE 3.6 E, MN US",0.0,
2023-12-20,GHCND:US1MNBN0018,45.566731,-94.156698,315.5,"SAINT CLOUD 1.2 NW, MN US",0.0,
2023-12-20,GHCND:US1MNBU0023,44.15714,-93.95385,303.9,"MANKATO 1.5 SE, MN US",0.0,
2023-12-20,GHCND:US1MNBU0031,44.175496,-94.207985,303.9,"LAKE CRYSTAL 4.9 N, MN US",0.0,
2023-12-20,GHCND:US1MNBU0034,44.02684,-94.209849,303.0,"GARDEN CITY 2.7 WSW, MN US",0.0,
2023-12-20,GHCND:US1MNBU0036,44.168259,-93.980337,306.9,"MANKATO 0.2 SSW, MN US",0.0,
2023-12-20,GHCND:US1MNBU0041,44.155675,-93.994174,302.1,"MANKATO 1.3 SW, MN US",0.0,
2023-12-20,GHCND:US1MNBU0047,44.12745,-94.00858,302.4,"MANKATO 3.4 SSW, MN US",0.0,
2023-12-20,GHCND:US1MNBU0049,44.149468,-94.026905,254.5,"MANKATO 2.8 WSW, MN US",0.0,
2023-12-20,GHCND:US1MNBU0055,44.178928,-93.976624,271.9,"MANKATO 0.6 N, MN US",0.0,
2023-12-20,GHCND:US1MNBU0062,44.2206588,-93.860747,314.6,"MADISON LAKE 2.5 WNW, MN US",0.0,
2023-12-20,GHCND:US1MNBW0001,44.2612,-94.9922,322.5,"SPRINGFIELD 1.7 NNW, MN US",0.0,
2023-12-20,GHCND:US1MNBW0002,44.3216717,-94.4771122,269.7,"NEW ULM 0.8 NW, MN US",0.0,
2023-12-20,GHCND:US1MNBW0008,44.151099,-94.785161,323.7,"COMFREY 6.5 ENE, MN US",0.0,
2023-12-20,GHCND:US1MNBW0011,44.291431,-94.737282,310.3,"SLEEPY EYE 0.8 SW, MN US",0.0,
2023-12-20,GHCND:US1MNBW0017,44.311474,-94.457794,271.9,"NEW ULM 0.5 E, MN US",0.0,
2023-12-20,GHCND:US1MNBW0020,44.318568,-94.463493,271.0,"NEW ULM 0.5 NNE, MN US",0.0,
2023-12-20,GHCND:US1MNCG0001,45.716862,-92.92572,280.7,"RUSH CITY 2.8 NE, MN US",0.0,
2023-12-20,GHCND:US1MNCG0007,45.39504,-93.0181379,277.7,"STACY 1.4 NW, MN US",0.0,
2023-12-20,GHCND:US1MNCG0016,45.53121,-92.97112,281.0,"NORTH BRANCH 1.3 NNW, MN US",0.0,
2023-12-20,GHCND:US1MNCG0027,45.500522,-93.005424,278.0,"NORTH BRANCH 2.4 WSW, MN US",0.0,
2023-12-20,GHCND:US1MNCG0028,45.636313,-93.090582,282.9,"STANCHFIELD 4.9 ESE, MN US",0.0,
2023-12-20,GHCND:US1MNCG0043,45.47504,-92.75326,289.3,"TAYLORS FALLS 6.1 NW, MN US",0.0,
2023-12-20,GHCND:US1MNCG0050,45.392318,-92.832638,285.3,"LINDSTROM 0.8 ENE, MN US",0.0,
2023-12-20,GHCND:US1MNCG0055,45.692378,-92.957151,279.5,"RUSH CITY 0.6 NE, MN US",0.0,
2023-12-20,GHCND:US1MNCG0056,45.377818,-92.731121,285.3,"SHAFER 1.4 SE, MN US",0.0,
2023-12-20,GHCND:US1MNCG0061,45.56333,-93.05259,289.9,"HARRIS 4.0 SW, MN US",0.0,
2023-12-20,GHCND:US1MNCG0066,45.62456,-93.11511,297.5,"STANCHFIELD 4.7 SE, MN US",0.0,
2023-12-20,GHCND:US1MNCG0068,45.38241667,-92.827347222,274.0,"LINDSTROM 1.1 ESE, MN US",0.0,
2023-12-20,GHCND:US1MNCG0074,45.67911,-92.88326,241.7,"RUSH CITY 4.1 E, MN US",0.0,
2023-12-20,GHCND:US1MNCG0075,45.3417404365575,-92.9090856174592,280.7,"CHISAGO CITY 0.4 SSE, MN US",0.0,
2023-12-20,GHCND:US1MNCK0003,47.62394444,-90.76097222,282.5,"TOFTE 4.9 NE, MN US",0.0,
2023-12-20,GHCND:US1MNCK0006,47.748654,-90.4376037,344.1,"GRAND MARAIS 4.4 W, MN US",0.0,
2023-12-20,GHCND:US1MNCK0007,47.839227,-89.971193,188.1,"HOVLAND 0.1 NE, MN US",0.0,
2023-12-20,GHCND:US1MNCK0013,47.817226,-90.110556,292.0,"HOVLAND 6.5 WSW, MN US",0.0,
2023-12-20,GHCND:US1MNCK0018,47.74462,-90.43796,318.2,"GRAND MARAIS 4.4 WSW, MN US",0.0,
2023-12-20,GHCND:US1MNCK0031,47.564998,-90.849324,189.0,"TOFTE 0.9 SW, MN US",0.0,
2023-12-20,GHCND:US1MNCK0032,47.8198575,-90.6873348,556.9,"LUTSEN 11.8 N, MN US",0.0,
2023-12-20,GHCND:US1MNCK0039,47.861706,-90.017325,335.0,"HOVLAND 2.8 WNW, MN US",0.0,
2023-12-20,GHCND:US1MNCK0043,47.5914,-90.801,211.5,"TOFTE 2.1 NE, MN US",0.0,
2023-12-20,GHCND:US1MNCK0051,47.7624206,-90.3022337,217.6,"GRAND MARAIS 2.0 E, MN US",0.0,
2023-12-20,GHCND:US1MNCL0002,47.288919,-95.328268,491.0,"BAGLEY 16.6 SSE, MN US",0.0,
2023-12-20,GHCND:US1MNCL0005,47.7402725,-95.5074556,382.5,"GONVICK 0.2 ENE, MN US",0.0,
2023-12-20,GHCND:US1MNCN0001,46.707828,-92.327916,362.7,"CARLTON 5.6 NE, MN US",0.0,
2023-12-20,GHCND:US1MNCN0023,46.4852,-92.3403,290.2,"HOLYOKE 2.7 ENE, MN US",0.0,
2023-12-20,GHCND:US1MNCN0036,46.741463,-92.426983,402.3,"CLOQUET 3.4 ENE, MN US",0.0,
2023-12-20,GHCND:US1MNCN0047,46.4832397,-92.9282296,365.5,"KETTLE RIVER 2.4 W, MN US",0.0,
2023-12-20,GHCND:US1MNCN0054,46.425,-92.6939,358.4,"MOOSE LAKE 3.6 ESE, MN US",0.0,
2023-12-20,GHCND:US1MNCN0056,46.714435,-92.450414,382.5,"CLOQUET 2.1 ESE, MN US",0.0,
2023-12-20,GHCND:US1MNCP0001,44.94527778,-95.72027778,309.1,"MONTEVIDEO 0.4 SSW, MN US",0.0,
2023-12-20,GHCND:US1MNCS0001,46.4025,-94.4631,402.6,"PILLAGER 5.1 N, MN US",0.0,
2023-12-20,GHCND:US1MNCS0023,46.961667,-94.375139,413.6,"HACKENSACK 7.1 ENE, MN US",0.0,
2023-12-20,GHCND:US1MNCS0025,47.236465,-94.219943,406.9,"FEDERAL DAM 0.3 S, MN US",0.0,
2023-12-20,GHCND:US1MNCS0027,46.469191,-94.594815,422.1,"MOTLEY 9.6 NNE, MN US",0.0,
2023-12-20,GHCND:US1MNCS0035,46.97355,-94.12305,401.4,"REMER 11.5 WSW, MN US",0.0,
2023-12-20,GHCND:US1MNCS0036,46.98,-94.432,424.9,"HACKENSACK 5.4 NE, MN US",0.0,
2023-12-20,GHCND:US1MNCS0038,46.843,-94.3706,412.1,"PINE RIVER 8.4 N, MN US",0.0,
2023-12-20,GHCND:US1MNCS0042,46.8403697,-93.8939407,397.5,"OUTING 2.9 ENE, MN US",0.0,
2023-12-20,GHCND:US1MNCS0044,46.720099,-94.415641,395.9,"PINE RIVER 0.9 W, MN US",0.0,
2023-12-20,GHCND:US1MNCS0046,46.517316,-94.330692,369.4,"LAKE SHORE 1.8 ENE, MN US",0.0,
2023-12-20,GHCND:US1MNCS0065,47.32141,-94.14382,404.5,"BENA 3.2 ESE, MN US",0.0,
2023-12-20,GHCND:US1MNCV0008,44.966309,-93.848874,295.7,"WATERTOWN 0.5 NNW, MN US",0.0,
2023-12-20,GHCND:US1MNCV0014,44.8467063903809,-93.5455932617188,276.1,"CHANHASSEN 1.0 ESE, MN US",0.0,
2023-12-20,GHCND:US1MNCV0022,44.8567,-93.6864,301.8,"VICTORIA 1.6 WSW, MN US",0.0,
2023-12-20,GHCND:US1MNCV0027,44.8897933959961,-93.6099166870117,308.5,"CHANHASSEN 3.4 NW, MN US",0.0,
2023-12-20,GHCND:US1MNCV0040,44.88996,-93.56646,314.6,"EXCELSIOR 0.8 S, MN US",0.0,
2023-12-20,GHCND:US1MNCV0066,44.832836,-93.795731,295.0,"WACONIA 0.6 SSW, MN US",0.0,
2023-12-20,GHCND:US1MNCV0071,44.8360458,-93.9879727,302.4,"NORWOOD YOUNG AMERICA 5.5 NW, MN US",0.0,
2023-12-20,GHCND:US1MNCW0008,46.38555556,-93.95722222,374.6,"BRAINERD 11.5 E, MN US",0.0,
2023-12-20,GHCND:US1MNCW0016,46.558494,-94.117237,376.4,"TROMMALD 6.1 NW, MN US",0.0,
2023-12-20,GHCND:US1MNCW0022,46.180898,-94.365108,343.8,"FORT RIPLEY 0.8 N, MN US",0.0,
2023-12-20,GHCND:US1MNCW0028,46.625323,-93.814606,390.4,"AITKIN 8.4 NW, MN US",0.0,
2023-12-20,GHCND:US1MNCW0029,46.24996,-94.14576,381.3,"BRAINERD 7.7 SSE, MN US",0.0,
2023-12-20,GHCND:US1MNCW0031,46.32311,-94.25607,366.7,"BAXTER 1.7 SE, MN US",0.0,
2023-12-20,GHCND:US1MNCW0044,46.477725,-93.97293,385.6,"CROSBY 1.1 SW, MN US",0.0,
2023-12-20,GHCND:US1MNCW0054,46.537114,-93.9068847,372.2,"AITKIN 9.6 W, MN US",0.0,
2023-12-20,GHCND:US1MNCW0077,46.634211,-94.299699,384.7,"PEQUOT LAKES 3.2 N, MN US",0.0,
2023-12-20,GHCND:US1MNCW0088,46.2611866974284,-94.18754020023,386.5,"BRAINERD 6.5 S, MN US",0.0,
2023-12-20,GHCND:US1MNCW0090,46.4418487,-94.2034178,373.4,"BRAINERD 6.0 N, MN US",0.0,
2023-12-20,GHCND:US1MNCW0097,46.3008,-94.0443,370.3,"BRAINERD 8.3 ESE, MN US",0.0,
2023-12-20,GHCND:US1MNCY0001,46.887663,-96.7480099,275.5,"MOORHEAD 2.0 N, MN US",0.0,
2023-12-20,GHCND:US1MNCY0020,46.91652,-96.41147,340.5,"HAWLEY 5.2 WNW, MN US",0.0,
2023-12-20,GHCND:US1MNCY0029,46.8577915,-96.7526414,277.7,"MOORHEAD 0.5 W, MN US",0.0,
2023-12-20,GHCND:US1MNCY0037,47.057406,-96.317344,355.1,"ULEN 3.1 WSW, MN US",0.0,
2023-12-20,GHCND:US1MNDD0003,44.050407,-92.72139,368.8,"MANTORVILLE 1.9 ESE, MN US",0.0,
2023-12-20,GHCND:US1MNDD0014,43.886356,-92.845872,401.7,"HAYFIELD 0.3 SSE, MN US",0.0,
2023-12-20,GHCND:US1MNDD0024,44.0952561,-92.7755389,388.3,"MANTORVILLE 2.3 NNW, MN US",0.0,
2023-12-20,GHCND:US1MNDK0011,44.760805,-93.130011,298.7,"ROSEMOUNT 3.3 WNW, MN US",0.0,
2023-12-20,GHCND:US1MNDK0034,44.640715,-93.143233,274.9,"FARMINGTON 1.7 SE, MN US",0.0,
2023-12-20,GHCND:US1MNDK0049,44.656944,-93.283889,311.8,"LAKEVILLE 2.1 SW, MN US",0.0,
2023-12-20,GHCND:US1MNDK0053,44.70423,-93.18465,283.8,"LAKEVILLE 3.8 ENE, MN US",0.0,
2023-12-20,GHCND:US1MNDK0063,44.483471,-93.128378,286.2,"NORTHFIELD 2.4 NE, MN US",0.0,
2023-12-20,GHCND:US1MNDK0083,44.7212677001953,-93.2928695678711,335.6,"BURNSVILLE 3.1 SSW, MN US",0.0,
2023-12-20,GHCND:US1MNDK0092,44.88782,-93.12316,270.4,"MENDOTA HEIGHTS 0.9 ENE, MN US",0.0,
2023-12-20,GHCND:US1MNDK0104,44.744589,-92.880353,260.9,"HASTINGS 1.6 NW, MN US",0.0,
2023-12-20,GHCND:US1MNDK0109,44.84157,-93.03795,273.7,"INVER GROVE HEIGHTS 1.6 NE, MN US",0.0,
2023-12-20,GHCND:US1MNDK0112,44.723252,-92.972359,272.2,"HASTINGS 5.8 W, MN US",0.0,
2023-12-20,GHCND:US1MNDK0118,44.72057,-92.85418,243.8,"HASTINGS 0.7 S, MN US",0.0,
2023-12-20,GHCND:US1MNDK0119,44.71456,-93.27068,294.1,"LAKEVILLE 2.7 NNW, MN US",0.0,
2023-12-20,GHCND:US1MNDK0128,44.75558,-93.27307,328.9,"BURNSVILLE 0.7 SSE, MN US",0.0,
2023-12-20,GHCND:US1MNDK0129,44.88635,-93.06304,287.7,"SOUTH SAINT PAUL 1.1 W, MN US",0.0,
2023-12-20,GHCND:US1MNDK0144,44.8945,-93.0401,251.2,"SOUTH SAINT PAUL 0.5 N, MN US",0.0,
2023-12-20,GHCND:US1MNDK0151,44.757508,-93.196407,329.2,"APPLE VALLEY 0.8 NNE, MN US",0.0,
2023-12-20,GHCND:US1MNDK0152,44.474331,-93.1689148,296.9,"NORTHFIELD 1.2 NNW, MN US",0.0,
2023-12-20,GHCND:US1MNDK0171,44.63298,-93.13992,277.4,"FARMINGTON 2.2 SE, MN US",0.0,
2023-12-20,GHCND:US1MNDK0174,44.708458,-93.231651,306.0,"LAKEVILLE 2.4 NNE, MN US",0.0,
2023-12-20,GHCND:US1MNDK0179,44.81513,-93.027873,280.7,"INVER GROVE HEIGHTS 1.7 ESE, MN US",0.0,
2023-12-20,GHCND:US1MNDK0188,44.6782,-93.18588,299.3,"FARMINGTON 1.7 NNW, MN US",0.0,
2023-12-20,GHCND:US1MNDK0198,44.79209,-93.19145,289.0,"EAGAN 2.2 SW, MN US",0.0,
2023-12-20,GHCND:US1MNDK0209,44.48139,-93.14667,280.1,"NORTHFIELD 1.8 NNE, MN US",0.0,
2023-12-20,GHCND:US1MNDK0216,44.75946,-93.32153,290.8,"BURNSVILLE 2.1 W, MN US",0.0,
2023-12-20,GHCND:US1MNDK0218,44.649821,-93.304275,340.8,"LAKEVILLE 3.2 SW, MN US",0.0,
2023-12-20,GHCND:US1MNDS0006,45.8332979,-95.6043394,430.4,"KENSINGTON 5.9 NE, MN US",0.0,
2023-12-20,GHCND:US1MNDS0029,45.886,-95.33862,419.4,"ALEXANDRIA 1.7 ENE, MN US",0.0,
2023-12-20,GHCND:US1MNDS0038,45.771997,-95.367684,433.1,"GLENWOOD 8.3 N, MN US",0.0,
2023-12-20,GHCND:US1MNDS0040,45.895657,-95.303906,434.6,"ALEXANDRIA 3.5 ENE, MN US",0.0,
2023-12-20,GHCND:US1MNDS0046,45.92596,-95.3261,420.3,"ALEXANDRIA 4.0 NE, MN US",0.0,
2023-12-20,GHCND:US1MNDS0048,45.86613,-95.424035,426.4,"ALEXANDRIA 2.6 WSW, MN US",0.0,
2023-12-20,GHCND:US1MNFM0010,43.743399,-92.306516,323.4,"WYKOFF 3.1 NW, MN US",0.0,
2023-12-20,GHCND:US1MNFM0018,43.715515,-91.972189,270.7,"LANESBORO 0.2 SSW, MN US",0.0,
2023-12-20,GHCND:US1MNFN0011,43.762493,-93.269588,373.7,"HOLLANDALE 3.3 W, MN US",0.0,
2023-12-20,GHCND:US1MNFN0018,43.76587,-93.3426,400.5,"CLARKS GROVE 0.8 WNW, MN US",0.0,
2023-12-20,GHCND:US1MNFT0005,43.637025,-94.089111,333.1,"BLUE EARTH 0.6 ESE, MN US",0.0,
2023-12-20,GHCND:US1MNGH0003,44.4559668,-92.2907457,213.4,"LAKE CITY 1.2 NNW, MN US",0.0,
2023-12-20,GHCND:US1MNGH0004,44.34246667,-92.97918333,321.3,"NERSTRAND 4.2 E, MN US",0.0,
2023-12-20,GHCND:US1MNGH0015,44.40385222435,-93.0381716787815,299.3,"DENNISON 0.4 SSE, MN US",0.0,
2023-12-20,GHCND:US1MNGH0017,44.3021,-92.6751,299.9,"ZUMBROTA 0.5 N, MN US",0.0,
2023-12-20,GHCND:US1MNGH0021,44.576969,-92.704601,296.0,"WELCH 1.8 ENE, MN US",0.0,
2023-12-20,GHCND:US1MNGH0028,44.50866,-92.89526,274.3,"CANNON FALLS 0.5 SE, MN US",0.0,
2023-12-20,GHCND:US1MNGH0033,44.4347,-93.02,292.0,"DENNISON 2.0 NNE, MN US",0.0,
2023-12-20,GHCND:US1MNGH0035,44.2213,-92.5696,329.2,"PINE ISLAND 3.9 ENE, MN US",0.0,
2023-12-20,GHCND:US1MNGH0041,44.529164,-92.32959,210.3,"FRONTENAC 1.8 NE, MN US",0.0,
2023-12-20,GHCND:US1MNGH0045,44.296071,-92.660513,305.1,"ZUMBROTA 0.6 E, MN US",0.0,
2023-12-20,GHCND:US1MNGH0049,44.4037743,-92.9570507,342.0,"DENNISON 4.2 E, MN US",0.0,
2023-12-20,GHCND:US1MNGH0053,44.4682730421265,-92.9247869570063,270.4,"CANNON FALLS 3.3 SSW, MN US",0.0,
2023-12-20,GHCND:US1MNGR0004,45.78456,-95.780407,370.3,"KENSINGTON 4.1 W, MN US",0.0,
2023-12-20,GHCND:US1MNHB0011,46.91855,-94.89739,424.9,"NEVIS 4.1 SW, MN US",0.0,
2023-12-20,GHCND:US1MNHB0016,46.942147,-95.081797,441.0,"PARK RAPIDS 2.0 NNW, MN US",0.0,
2023-12-20,GHCND:US1MNHN0006,44.9829,-93.57358,306.3,"LONG LAKE 0.2 WSW, MN US",0.0,
2023-12-20,GHCND:US1MNHN0014,44.914467,-93.699217,287.1,"MINNETRISTA 1.5 SSE, MN US",0.0,
2023-12-20,GHCND:US1MNHN0017,44.8294022,-93.5201406,275.8,"EDEN PRAIRIE 3.3 WSW, MN US",0.0,
2023-12-20,GHCND:US1MNHN0019,44.8783,-93.3789,292.6,"EDINA 1.3 SW, MN US",0.0,
2023-12-20,GHCND:US1MNHN0030,45.040635,-93.419543,290.8,"PLYMOUTH 2.4 ENE, MN US",0.0,
2023-12-20,GHCND:US1MNHN0031,45.12260998,-93.45792238,275.5,"MAPLE GROVE 1.0 NNE, MN US",0.0,
2023-12-20,GHCND:US1MNHN0072,45.13953,-93.42067,280.4,"MAPLE GROVE 2.9 NE, MN US",0.0,
2023-12-20,GHCND:US1MNHN0083,44.933417,-93.6316,285.9,"SPRING PARK 0.2 SSE, MN US",0.0,
2023-12-20,GHCND:US1MNHN0086,44.828253,-93.404026,264.0,"EDEN PRAIRIE 3.1 ESE, MN US",0.0,
2023-12-20,GHCND:US1MNHN0110,44.8687479,-93.3394329,253.9,"EDINA 1.9 SSE, MN US",0.0,
2023-12-20,GHCND:US1MNHN0128,45.018005,-93.329513,274.6,"ROBBINSDALE 0.6 SSE, MN US",0.0,
2023-12-20,GHCND:US1MNHN0134,45.067444,-93.293349,260.9,"BROOKLYN CENTER 1.1 E, MN US",0.0,
2023-12-20,GHCND:US1MNHN0150,45.125011,-93.434448,279.2,"MAPLE GROVE 1.8 NE, MN US",0.0,
2023-12-20,GHCND:US1MNHN0157,45.128618,-93.415762,275.2,"MAPLE GROVE 2.7 ENE, MN US",0.0,
2023-12-20,GHCND:US1MNHN0169,44.950988,-93.21746,257.6,"MINNEAPOLIS 2.6 ESE, MN US",0.0,
2023-12-20,GHCND:US1MNHN0178,44.906506,-93.219938,259.4,"MINNEAPOLIS 4.5 SSE, MN US",0.0,
2023-12-20,GHCND:US1MNHN0186,45.10368,-93.30582,260.9,"BROOKLYN PARK 2.2 ESE, MN US",0.0,
2023-12-20,GHCND:US1MNHN0191,45.15441,-93.41866,278.0,"CHAMPLIN 1.8 SW, MN US",0.0,
2023-12-20,GHCND:US1MNHN0209,44.901031,-93.494434,287.1,"MINNETONKA 2.7 SW, MN US",0.0,
2023-12-20,GHCND:US1MNHN0220,44.8929,-93.7613,296.3,"MINNETRISTA 3.9 SW, MN US",0.0,
2023-12-20,GHCND:US1MNHN0239,44.90319,-93.31282,262.4,"MINNEAPOLIS 4.7 SSW, MN US",0.0,
2023-12-20,GHCND:US1MNHN0241,45.104511,-93.489502,279.5,"MAPLE GROVE 1.4 WSW, MN US",0.0,
2023-12-20,GHCND:US1MNHN0251,45.11592,-93.31954,262.7,"BROOKLYN PARK 1.5 ENE, MN US",0.0,
2023-12-20,GHCND:US1MNHN0267,44.93331,-93.2368,255.7,"MINNEAPOLIS 2.5 SE, MN US",0.0,
2023-12-20,GHCND:US1MNHN0278,44.89226,-93.55359,301.8,"EXCELSIOR 0.9 SE, MN US",0.0,
2023-12-20,GHCND:US1MNHN0285,44.905744,-93.207883,255.1,"MINNEAPOLIS 4.9 SE, MN US",0.0,
2023-12-20,GHCND:US1MNHN0298,44.89722,-93.602864,300.2,"EXCELSIOR 1.8 W, MN US",0.0,
2023-12-20,GHCND:US1MNHN0306,45.0033,-93.5114,313.6,"PLYMOUTH 2.8 WSW, MN US",0.0,
2023-12-20,GHCND:US1MNHN0307,44.9686,-93.2958,264.0,"MINNEAPOLIS 1.5 WNW, MN US",0.0,
2023-12-20,GHCND:US1MNHN0328,44.9303738,-93.2152353,261.2,"MINNEAPOLIS 3.4 SE, MN US",0.0,
2023-12-20,GHCND:US1MNHN0329,45.06781,-93.4755,292.9,"MAPLE GROVE 2.9 SSW, MN US",0.0,
2023-12-20,GHCND:US1MNHN0331,45.11674,-93.40064,280.1,"OSSEO 0.1 SW, MN US",0.0,
2023-12-20,GHCND:US1MNHN0338,45.0162,-93.4096,299.9,"PLYMOUTH 2.6 E, MN US",0.0,
2023-12-20,GHCND:US1MNHN0349,45.188918,-93.597521,285.3,"ROGERS 2.0 W, MN US",0.0,
2023-12-20,GHCND:US1MNHN0354,44.9213355,-93.649077,303.6,"MOUND 1.0 SE, MN US",0.0,
2023-12-20,GHCND:US1MNHN0363,45.196969,-93.423493,264.6,"DAYTON 5.5 ESE, MN US",0.0,
2023-12-20,GHCND:US1MNHN0366,45.009751,-93.229331,285.9,"MINNEAPOLIS 3.8 NNE, MN US",0.0,
2023-12-20,GHCND:US1MNHN0375,44.88397,-93.35103,285.6,"EDINA 0.7 SE, MN US",0.0,
2023-12-20,GHCND:US1MNHN0378,45.02572,-93.51353,309.4,"PLYMOUTH 2.6 W, MN US",0.0,
2023-12-20,GHCND:US1MNHN0379,45.131455,-93.33872,266.4,"BROOKLYN PARK 1.5 NNE, MN US",0.0,
2023-12-20,GHCND:US1MNHN0382,45.165363,-93.353745,262.1,"CHAMPLIN 1.8 E, MN US",0.0,
2023-12-20,GHCND:US1MNHN0383,45.055448,-93.296848,259.1,"BROOKLYN CENTER 1.3 SE, MN US",0.0,
2023-12-20,GHCND:US1MNHN0405,44.9434198,-93.289004,267.0,"MINNEAPOLIS 1.7 SW, MN US",0.0,
2023-12-20,GHCND:US1MNHN0417,44.926439,-93.236948,260.0,"MINNEAPOLIS 2.9 SSE, MN US",0.0,
2023-12-20,GHCND:US1MNHN0418,44.9582429,-93.2501296,260.0,"MINNEAPOLIS 0.9 ESE, MN US",0.0,
2023-12-20,GHCND:US1MNHN0421,44.91666,-93.2246,256.0,"MINNEAPOLIS 3.8 SSE, MN US",0.0,
2023-12-20,GHCND:US1MNHN0425,44.81548,-93.29735,250.9,"BLOOMINGTON 1.4 SE, MN US",0.0,
2023-12-20,GHCND:US1MNHN0431,44.9312481,-93.4848399,300.5,"MINNETONKA 1.1 W, MN US",0.0,
2023-12-20,GHCND:US1MNHN0457,45.20872,-93.44402,265.2,"DAYTON 4.2 ESE, MN US",0.0,
2023-12-20,GHCND:US1MNHN0460,44.9302,-93.2099,247.2,"MINNEAPOLIS 3.6 SE, MN US",0.0,
2023-12-20,GHCND:US1MNHN0493,45.0100465,-93.7467698,310.3,"MAPLE PLAIN 4.2 W, MN US",0.0,
2023-12-20,GHCND:US1MNHN0499,45.061175,-93.332541,257.9,"BROOKLYN CENTER 0.9 WSW, MN US",0.0,
2023-12-20,GHCND:US1MNHN0521,44.86948,-93.28047,253.3,"RICHFIELD 0.5 S, MN US",0.0,
2023-12-20,GHCND:US1MNHN0530,45.0007,-93.3733,270.7,"GOLDEN VALLEY 1.0 NW, MN US",0.0,
2023-12-20,GHCND:US1MNHS0006,43.741966,-91.436852,231.6,"HOKAH 4.5 WSW, MN US",0.0,
2023-12-20,GHCND:US1MNHS0017,43.6543,-91.3246,364.2,"BROWNSVILLE 3.8 SW, MN US",0.0,
2023-12-20,GHCND:US1MNIS0018,45.713798,-93.180956,292.6,"BRAHAM 0.7 SW, MN US",0.0,
2023-12-20,GHCND:US1MNIS0021,45.4336,-93.302,281.0,"ISANTI 5.0 SW, MN US",0.0,
2023-12-20,GHCND:US1MNIS0022,45.55762,-93.44595,293.5,"PRINCETON 6.6 E, MN US",0.0,
2023-12-20,GHCND:US1MNIS0028,45.545792,-93.244118,289.0,"CAMBRIDGE 1.3 SW, MN US",0.0,
2023-12-20,GHCND:US1MNIS0035,45.57928,-93.49116,293.8,"PRINCETON 4.4 E, MN US",0.0,
2023-12-20,GHCND:US1MNIS0044,45.5063092,-93.2831703,282.9,"ISANTI 2.2 WNW, MN US",0.0,
2023-12-20,GHCND:US1MNIS0045,45.6871533,-93.2359548,297.2,"STANCHFIELD 2.8 WNW, MN US",0.0,
2023-12-20,GHCND:US1MNIT0006,47.3981094360352,-93.0813064575195,451.7,"KEEWATIN 0.2 SSE, MN US",0.0,
2023-12-20,GHCND:US1MNIT0007,47.13687,-93.566599,420.9,"GRAND RAPIDS 6.2 SSW, MN US",0.0,
2023-12-20,GHCND:US1MNIT0010,47.33564,-93.87514,397.2,"DEER RIVER 3.7 W, MN US",0.0,
2023-12-20,GHCND:US1MNIT0017,47.31165,-93.55036,398.4,"GRAND RAPIDS 6.1 N, MN US",0.0,
2023-12-20,GHCND:US1MNIT0023,47.48855,-93.43497,425.2,"BOVEY 13.4 N, MN US",0.0,
2023-12-20,GHCND:US1MNIT0037,47.1676106,-93.2774686,393.8,"WARBA 2.2 NNW, MN US",0.0,
2023-12-20,GHCND:US1MNIT0038,47.288422,-93.429403,405.4,"COLERAINE 0.7 S, MN US",0.0,
2023-12-20,GHCND:US1MNIT0039,47.245406,-93.403681,417.0,"BOVEY 3.5 S, MN US",0.0,
2023-12-20,GHCND:US1MNIT0047,47.60215,-93.6936,425.5,"MARCELL 0.7 NNW, MN US",0.0,
2023-12-20,GHCND:US1MNIT0052,47.1996917,-93.5701983,398.4,"GRAND RAPIDS 2.3 SW, MN US",0.0,
2023-12-20,GHCND:US1MNIT0055,47.315444,-93.538934,401.1,"GRAND RAPIDS 6.3 N, MN US",0.0,
2023-12-20,GHCND:US1MNIT0060,47.77803,-93.08557,392.0,"COOK 19.0 WSW, MN US",0.0,
2023-12-20,GHCND:US1MNIT0062,47.153356,-93.50074,424.0,"GRAND RAPIDS 5.2 SSE, MN US",0.0,
2023-12-20,GHCND:US1MNIT0070,47.147282,-93.664699,417.0,"SUGAR LAKE, MN US",0.0,
2023-12-20,GHCND:US1MNKB0017,45.841,-93.297,295.0,"MORA 2.5 S, MN US",0.0,
2023-12-20,GHCND:US1MNKB0020,45.8704221,-93.295364,305.4,"MORA 0.5 SSW, MN US",0.0,
2023-12-20,GHCND:US1MNKC0006,48.193512,-93.810877,371.9,"BIG FALLS 1.0 N, MN US",0.0,
2023-12-20,GHCND:US1MNKC0009,48.5936063,-93.4193036,342.9,"INTERNATIONAL FALLS 0.6 NW, MN US",0.0,
2023-12-20,GHCND:US1MNKC0010,48.523867,-93.460729,357.5,"INTERNATIONAL FALLS 5.1 SSW, MN US",0.0,
2023-12-20,GHCND:US1MNKC0014,48.5201,-93.607,337.4,"INTERNATIONAL FALLS 10.3 WSW, MN US",0.0,
2023-12-20,GHCND:US1MNKD0001,45.407049,-94.846636,371.9,"BELGRADE 8.0 ESE, MN US",0.0,
2023-12-20,GHCND:US1MNKD0013,45.264839,-95.063143,349.0,"SPICER 6.3 WNW, MN US",0.0,
2023-12-20,GHCND:US1MNKD0020,45.276946,-94.885635,367.6,"SPICER 4.1 NE, MN US",0.0,
2023-12-20,GHCND:US1MNKD0024,44.935767,-95.189254,338.3,"PRINSBURG 0.1 WNW, MN US",0.0,
2023-12-20,GHCND:US1MNLK0004,47.041178,-91.75279,317.9,"TWO HARBORS 3.6 WNW, MN US",0.0,
2023-12-20,GHCND:US1MNLK0005,47.1656,-91.6195,397.2,"TWO HARBORS 9.7 NNE, MN US",0.0,
2023-12-20,GHCND:US1MNLK0031,47.02218,-91.66288,206.0,"TWO HARBORS 0.8 SE, MN US",0.0,
2023-12-20,GHCND:US1MNLK0032,47.028985,-91.667699,209.4,"TWO HARBORS 0.4 ESE, MN US",0.0,
2023-12-20,GHCND:US1MNLK0035,47.1239045,-91.490649,192.9,"TWO HARBORS 10.8 NE, MN US",0.0,
2023-12-20,GHCND:US1MNLK0041,47.3171,-91.66657,513.3,"TWO HARBORS 19.8 N, MN US",0.0,
2023-12-20,GHCND:US1MNLK0043,47.069288,-91.749993,367.3,"TWO HARBORS 4.4 NW, MN US",0.0,
2023-12-20,GHCND:US1MNLS0012,44.4655265808105,-93.7734222412109,304.2,"LE CENTER 5.8 NNW, MN US",0.0,
2023-12-20,GHCND:US1MNLS0013,44.5327793831489,-93.5725456514511,323.4,"NEW PRAGUE 1.0 S, MN US",0.0,
2023-12-20,GHCND:US1MNLS0015,44.540333,-93.885889,299.6,"HENDERSON 1.4 NE, MN US",0.0,
2023-12-20,GHCND:US1MNLS0023,44.38622,-93.91495,288.0,"LE SUEUR 5.8 S, MN US",0.0,
2023-12-20,GHCND:US1MNLS0024,44.47409,-93.58713,321.3,"MONTGOMERY 2.1 N, MN US",0.0,
2023-12-20,GHCND:US1MNLS0026,44.542649,-93.56533,3057.8,"NEW PRAGUE 0.5 SE, MN US",0.0,
2023-12-20,GHCND:US1MNLS0032,44.308677,-93.948013,298.7,"SAINT PETER 1.6 SSE, MN US",0.0,
2023-12-20,GHCND:US1MNLS0033,44.252698,-93.88555,306.0,"KASOTA 4.9 ESE, MN US",0.0,
2023-12-20,GHCND:US1MNLW0003,48.523286,-94.714969,354.5,"BAUDETTE 14.3 SSW, MN US",0.0,
2023-12-20,GHCND:US1MNLY0014,44.5444,-95.6761,335.0,"COTTONWOOD 4.7 S, MN US",0.0,
2023-12-20,GHCND:US1MNLY0015,44.3667735,-95.5954873,341.7,"MILROY 4.1 SSW, MN US",0.0,
2023-12-20,GHCND:US1MNMC0005,44.7683423012495,-94.1558092832565,304.2,"GLENCOE 0.3 WSW, MN US",0.0,
2023-12-20,GHCND:US1MNMC0006,44.8121206462383,-94.1790459305048,316.7,"GLENCOE 3.2 NNW, MN US",0.0,
2023-12-20,GHCND:US1MNMC0007,44.927885,-94.204085,322.8,"SILVER LAKE 1.7 N, MN US",0.0,
2023-12-20,GHCND:US1MNMC0012,44.9660301208496,-94.3645477294922,336.8,"HUTCHINSON 5.6 N, MN US",0.0,
2023-12-20,GHCND:US1MNMC0017,44.7737088,-94.0341661,303.3,"PLATO 0.3 ENE, MN US",0.0,
2023-12-20,GHCND:US1MNMC0026,44.9037,-94.4113,322.8,"HUTCHINSON 2.1 NW, MN US",0.0,
2023-12-20,GHCND:US1MNMC0036,44.8817,-94.04599,300.5,"LESTER PRAIRIE 0.4 W, MN US",0.0,
2023-12-20,GHCND:US1MNMK0011,45.077658,-94.315676,366.4,"DASSEL 0.4 S, MN US",0.0,
2023-12-20,GHCND:US1MNMK0018,44.9599711,-94.5845074,339.2,"LITCHFIELD 11.6 SSW, MN US",0.0,
2023-12-20,GHCND:US1MNMK0023,45.12057,-94.51868,346.9,"LITCHFIELD 0.4 ESE, MN US",0.0,
2023-12-20,GHCND:US1MNMK0027,45.063625,-94.404752,328.6,"DARWIN 2.3 S, MN US",0.0,
2023-12-20,GHCND:US1MNMK0028,45.317968,-94.589046,375.8,"EDEN VALLEY 2.2 WSW, MN US",0.0,
2023-12-20,GHCND:US1MNML0001,46.10883,-93.73887,383.7,"ONAMIA 4.3 NW, MN US",0.0,
2023-12-20,GHCND:US1MNML0012,46.150794,-93.475221,382.5,"ISLE 1.0 NW, MN US",0.0,
2023-12-20,GHCND:US1MNMR0004,45.9688628,-94.377201,336.5,"LITTLE FALLS 1.2 SW, MN US",0.0,
2023-12-20,GHCND:US1MNMR0013,46.067857,-94.247899,367.9,"LITTLE FALLS 8.0 NE, MN US",0.0,
2023-12-20,GHCND:US1MNMR0020,46.126922,-93.88661767,392.6,"HILLMAN 8.3 N, MN US",0.0,
2023-12-20,GHCND:US1MNMR0021,46.304969,-94.507141,372.8,"PILLAGER 2.2 SW, MN US",0.0,
2023-12-20,GHCND:US1MNMR0025,46.017935,-94.54746,385.0,"LITTLE FALLS 9.3 WNW, MN US",0.0,
2023-12-20,GHCND:US1MNMR0029,45.786272,-94.566347,370.6,"UPSALA 1.6 S, MN US",0.0,
2023-12-20,GHCND:US1MNMS0005,48.2646823,-96.8702708,252.4,"WARREN 6.6 NW, MN US",0.0,
2023-12-20,GHCND:US1MNMT0006,43.645017,-94.448608,360.0,"FAIRMONT 0.7 E, MN US",0.0,
2023-12-20,GHCND:US1MNMT0012,43.624454,-94.456635,356.3,"FAIRMONT 1.4 S, MN US",0.0,
2023-12-20,GHCND:US1MNMW0003,43.67843,-92.93813,367.3,"AUSTIN 1.9 ENE, MN US",0.0,
2023-12-20,GHCND:US1MNMW0008,43.6719,-93.0228,365.2,"AUSTIN 2.4 W, MN US",0.0,
2023-12-20,GHCND:US1MNMW0013,43.7971,-92.8488,399.3,"WALTHAM 2.0 SE, MN US",0.0,
2023-12-20,GHCND:US1MNMY0011,43.979518,-95.761542,486.8,"SLAYTON 0.8 SSW, MN US",0.0,
2023-12-20,GHCND:US1MNMY0013,43.8913,-95.9396,553.8,"CHANDLER 2.7 SSE, MN US",0.0,
2023-12-20,GHCND:US1MNNB0007,43.608144,-95.625044,487.1,"WORTHINGTON 1.9 SW, MN US",0.0,
2023-12-20,GHCND:US1MNNB0008,43.5718,-95.6131,484.6,"WORTHINGTON 4.0 S, MN US",0.0,
2023-12-20,GHCND:US1MNNB0010,43.52377,-95.71524,506.3,"BIGELOW 1.8 NW, MN US",0.0,
2023-12-20,GHCND:US1MNNB0011,43.69606,-95.46609,453.8,"BREWSTER 0.1 SW, MN US",0.0,
2023-12-20,GHCND:US1MNNC0003,44.288464,-94.076397,296.3,"SAINT PETER 6.2 WSW, MN US",0.0,
2023-12-20,GHCND:US1MNNC0007,44.1722565,-94.0123355,235.3,"NORTH MANKATO 1.3 ESE, MN US",0.0,
2023-12-20,GHCND:US1MNNC0012,44.1693,-94.04274,306.6,"NORTH MANKATO 0.8 SSW, MN US",0.0,
2023-12-20,GHCND:US1MNNC0023,44.1759,-94.02878,306.3,"NORTH MANKATO 0.5 SE, MN US",0.0,
2023-12-20,GHCND:US1MNNC0024,44.3394,-93.9519,233.5,"SAINT PETER 1.0 NE, MN US",0.0,
2023-12-20,GHCND:US1MNNC0030,44.1636125,-94.042486,268.8,"NORTH MANKATO 1.2 SSW, MN US",0.0,
2023-12-20,GHCND:US1MNNC0031,44.4085098,-94.2381743,304.2,"NICOLLET 9.6 NNW, MN US",0.0,
2023-12-20,GHCND:US1MNNR0001,47.2601667,-96.2576667,332.5,"TWIN VALLEY 0.1 NE, MN US",0.0,
2023-12-20,GHCND:US1MNOL0018,44.03975,-92.43747,371.6,"ROCHESTER 2.6 NE, MN US",0.0,
2023-12-20,GHCND:US1MNOL0027,43.853445,-92.59072,384.0,"STEWARTVILLE 5.1 W, MN US",0.0,
2023-12-20,GHCND:US1MNOL0029,44.0019,-92.3783,324.0,"ROCHESTER 5.1 E, MN US",0.0,
2023-12-20,GHCND:US1MNOL0030,44.083725,-92.483157,319.1,"ROCHESTER 4.7 N, MN US",0.0,
2023-12-20,GHCND:US1MNOL0032,44.051437,-92.486812,313.0,"ROCHESTER 2.5 N, MN US",0.0,
2023-12-20,GHCND:US1MNOL0039,44.0867,-92.6145,364.2,"BYRON 3.6 NNE, MN US",0.0,
2023-12-20,GHCND:US1MNOL0042,44.004760783,-92.504209507,317.9,"ROCHESTER 1.5 WSW, MN US",0.0,
2023-12-20,GHCND:US1MNOL0048,44.076266,-92.485537,303.6,"ROCHESTER 4.2 N, MN US",0.0,
2023-12-20,GHCND:US1MNOL0050,43.858347,-92.403066,389.5,"STEWARTVILLE 4.3 E, MN US",0.0,
2023-12-20,GHCND:US1MNOL0065,44.140491,-92.480507,313.0,"ORONOCO 3.3 ESE, MN US",0.0,
2023-12-20,GHCND:US1MNOL0072,44.02282,-92.45464,306.0,"ROCHESTER 1.3 ENE, MN US",0.0,
2023-12-20,GHCND:US1MNOL0079,43.87828,-92.21656,313.6,"CHATFIELD 2.7 NNW, MN US",0.0,
2023-12-20,GHCND:US1MNOL0081,44.012798,-92.481384,340.8,"ROCHESTER 0.2 SW, MN US",0.0,
2023-12-20,GHCND:US1MNOT0006,46.6596704721451,-96.1122219264507,419.7,"PELICAN RAPIDS 6.3 NNW, MN US",0.0,
2023-12-20,GHCND:US1MNOT0018,46.519,-95.64433,415.4,"RICHVILLE 1.2 NW, MN US",0.0,
2023-12-20,GHCND:US1MNOT0056,46.3944,-95.7188,406.0,"BATTLE LAKE 7.6 N, MN US",0.0,
2023-12-20,GHCND:US1MNPG0003,48.07,-95.91972222,350.8,"GOODRIDGE 7.4 SW, MN US",0.0,
2023-12-20,GHCND:US1MNPG0004,48.1168515980244,-96.1799470335245,343.8,"THIEF RIVER FALLS 0.3 NW, MN US",0.0,
2023-12-20,GHCND:US1MNPK0002,47.585587,-96.127946,376.7,"ERSKINE 7.6 SW, MN US",0.0,
2023-12-20,GHCND:US1MNPK0013,47.77778,-96.593889,271.6,"CROOKSTON 0.6 ENE, MN US",0.0,
2023-12-20,GHCND:US1MNPK0015,47.666252,-96.173287,360.9,"MENTOR 2.5 SSW, MN US",0.0,
2023-12-20,GHCND:US1MNPK0021,48.058618,-96.6075112,278.9,"EUCLID 6.2 NNE, MN US",0.0,
2023-12-20,GHCND:US1MNPK0022,47.999039,-97.019764,252.7,"EAST GRAND FORKS 4.9 N, MN US",0.0,
2023-12-20,GHCND:US1MNPN0032,45.821919,-92.975839,291.4,"PINE CITY 0.7 SSW, MN US",0.0,
2023-12-20,GHCND:US1MNPN0033,46.3621,-92.6706,331.3,"STURGEON LAKE 7.5 ESE, MN US",0.0,
2023-12-20,GHCND:US1MNPN0035,46.3749112,-92.551778,349.3,"KERRICK 3.0 NNE, MN US",0.0,
2023-12-20,GHCND:US1MNPN0037,46.389106,-92.815817,335.3,"STURGEON LAKE 0.4 ENE, MN US",0.0,
2023-12-20,GHCND:US1MNPN0041,46.179732,-92.664055,350.8,"ASKOV 5.7 E, MN US",0.0,
2023-12-20,GHCND:US1MNPN0045,46.128813,-92.866334,331.3,"SANDSTONE 0.1 WSW, MN US",0.0,
2023-12-20,GHCND:US1MNPP0011,45.650777,-95.339665,424.6,"GLENWOOD 1.2 E, MN US",0.0,
2023-12-20,GHCND:US1MNPP0016,45.594732,-95.528297,351.1,"STARBUCK 1.2 S, MN US",0.0,
2023-12-20,GHCND:US1MNPS0006,43.87444,-96.13328,481.6,"EDGERTON 0.2 WSW, MN US",0.0,
2023-12-20,GHCND:US1MNRC0001,44.4640053,-93.5197647,332.2,"MONTGOMERY 3.2 ENE, MN US",0.0,
2023-12-20,GHCND:US1MNRC0038,44.276394,-93.273062,316.1,"FARIBAULT 1.6 S, MN US",0.0,
2023-12-20,GHCND:US1MNRC0050,44.282494,-93.515583,343.2,"WATERVILLE 5.0 NE, MN US",0.0,
2023-12-20,GHCND:US1MNRC0057,44.4548757,-93.1503006,294.1,"NORTHFIELD 0.6 ESE, MN US",0.0,
2023-12-20,GHCND:US1MNRC0060,44.423,-93.212,296.6,"DUNDAS 0.4 SW, MN US",0.0,
2023-12-20,GHCND:US1MNRC0074,44.46566,-93.20924,300.2,"NORTHFIELD 2.4 WNW, MN US",0.0,
2023-12-20,GHCND:US1MNRK0005,43.5296,-96.36146,453.5,"HILLS 0.2 NW, MN US",0.0,
2023-12-20,GHCND:US1MNRM0002,45.026296,-93.007856,299.3,"NORTH SAINT PAUL 1.0 NNW, MN US",0.0,
2023-12-20,GHCND:US1MNRM0015,45.035019,-93.186205,280.4,"ROSEVILLE 2.1 NW, MN US",0.0,
2023-12-20,GHCND:US1MNRM0017,45.0280758,-93.1094437,278.0,"ROSEVILLE 2.4 ENE, MN US",0.0,
2023-12-20,GHCND:US1MNRM0054,44.9039,-93.1882,248.7,"SAINT PAUL 5.1 SW, MN US",0.0,
2023-12-20,GHCND:US1MNRM0056,45.033031463623,-93.1752395629883,282.5,"ROSEVILLE 1.6 NW, MN US",0.0,
2023-12-20,GHCND:US1MNRM0059,45.012498,-93.117633,319.1,"ROSEVILLE 1.8 E, MN US",0.0,
2023-12-20,GHCND:US1MNRM0063,45.0241,-93.014,289.0,"NORTH SAINT PAUL 1.0 NW, MN US",0.0,
2023-12-20,GHCND:US1MNRM0084,45.001861,-93.170346,296.0,"ROSEVILLE 1.2 SW, MN US",0.0,
2023-12-20,GHCND:US1MNRM0089,44.958902,-93.172554,281.0,"ST PAUL 3.4 WNW, MN US",0.0,
2023-12-20,GHCND:US1MNRM0107,44.9361831,-93.1800185,280.7,"SAINT PAUL 3.8 WSW, MN US",0.0,
2023-12-20,GHCND:US1MNRM0116,44.9247,-92.9996,319.7,"MAPLEWOOD 4.3 SSE, MN US",0.0,
2023-12-20,GHCND:US1MNRM0120,44.9058881,-92.9971213,310.9,"MAPLEWOOD 5.6 SSE, MN US",0.0,
2023-12-20,GHCND:US1MNRM0122,44.94557,-93.148747,290.8,"SAINT PAUL 2.2 W, MN US",0.0,
2023-12-20,GHCND:US1MNRM0128,44.9965478,-93.1632687,295.4,"FALCON HEIGHTS 0.8 NE, MN US",0.0,
2023-12-20,GHCND:US1MNRM0129,45.0624512,-93.125403,276.1,"SHOREVIEW 1.6 SSE, MN US",0.0,
2023-12-20,GHCND:US1MNRM0145,44.946351,-93.1234955,290.2,"SAINT PAUL 1.0 W, MN US",0.0,
2023-12-20,GHCND:US1MNRM0153,44.961389,-93.176069,283.8,"SAINT PAUL 3.6 WNW, MN US",0.0,
2023-12-20,GHCND:US1MNRM0159,45.045146,-93.070906,279.5,"VADNAIS HEIGHTS 0.8 SSE, MN US",0.0,
2023-12-20,GHCND:US1MNRM0161,44.9250153,-93.1915427,262.7,"SAINT PAUL 4.6 WSW, MN US",0.0,
2023-12-20,GHCND:US1MNRM0163,44.9336,-93.17248,285.9,"SAINT PAUL 3.5 WSW, MN US",0.0,
2023-12-20,GHCND:US1MNRM0165,45.0685,-93.07487,278.3,"VADNAIS HEIGHTS 0.8 N, MN US",0.0,
2023-12-20,GHCND:US1MNRM0166,45.07282,-93.11142,284.4,"SHOREVIEW 1.4 ESE, MN US",0.0,
2023-12-20,GHCND:US1MNRM0176,45.0812856,-93.0625149,291.7,"WHITE BEAR LAKE 2.6 W, MN US",0.0,
2023-12-20,GHCND:US1MNRM0180,44.919283,-93.000123,,"MAPLEWOOD 4.6 SSE, MN US",0.0,
2023-12-20,GHCND:US1MNRM0183,45.0594137,-93.0099555,293.2,"WHITE BEAR LAKE 1.7 S, MN US",0.0,
2023-12-20,GHCND:US1MNRM0192,44.936,-93.19,267.6,"SAINT PAUL 4.3 W, MN US",0.0,
2023-12-20,GHCND:US1MNRM0203,44.9355538,-93.118716,280.1,"SAINT PAUL 1.1 SW, MN US",0.0,
2023-12-20,GHCND:US1MNRM0223,44.92041,-93.17674,285.6,"SAINT PAUL 4.0 WSW, MN US",0.0,
2023-12-20,GHCND:US1MNRM0231,45.1230543,-93.1348464,278.9,"SHOREVIEW 2.7 N, MN US",0.0,
2023-12-20,GHCND:US1MNRS0001,48.84359,-95.76348,320.3,"ROSEAU 0.1 SSW, MN US",0.0,
2023-12-20,GHCND:US1MNRS0009,48.9309,-95.3631,331.0,"WARROAD 1.8 WNW, MN US",0.0,
2023-12-20,GHCND:US1MNRV0005,44.8843744,-94.818846,345.3,"BIRD ISLAND 9.0 NNE, MN US",0.0,
2023-12-20,GHCND:US1MNRV0011,44.80662,-95.13941,324.3,"RENVILLE 3.7 ENE, MN US",0.0,
2023-12-20,GHCND:US1MNRV0013,44.762623,-94.898393,331.3,"BIRD ISLAND 0.3 SW, MN US",0.0,
2023-12-20,GHCND:US1MNRV0017,44.69882,-95.329187,276.5,"SACRED HEART 5.8 S, MN US",0.0,
2023-12-20,GHCND:US1MNRV0018,44.83699,-95.200654,334.1,"RENVILLE 3.4 N, MN US",0.0,
2023-12-20,GHCND:US1MNRV0019,44.791742,-95.213216,326.4,"RENVILLE 0.2 NNW, MN US",0.0,
2023-12-20,GHCND:US1MNRW0011,44.60224,-95.32848,325.2,"BELVIEW 0.3 S, MN US",0.0,
2023-12-20,GHCND:US1MNSC0002,44.7125,-93.463611,292.6,"PRIOR LAKE 2.0 W, MN US",0.0,
2023-12-20,GHCND:US1MNSC0033,44.781736,-93.528685,248.1,"SHAKOPEE 2.6 W, MN US",0.0,
2023-12-20,GHCND:US1MNSC0042,44.54575,-93.618764,309.1,"NEW PRAGUE 2.2 W, MN US",0.0,
2023-12-20,GHCND:US1MNSC0049,44.55969,-93.58193,297.8,"NEW PRAGUE 1.0 NNW, MN US",0.0,
2023-12-20,GHCND:US1MNSC0069,44.610509,-93.456855,300.8,"PRIOR LAKE 8.1 S, MN US",0.0,
2023-12-20,GHCND:US1MNSC0073,44.566703,-93.363104,344.1,"ELKO NEW MARKET 1.2 W, MN US",0.0,
2023-12-20,GHCND:US1MNSC0081,44.7548,-93.3483,260.3,"SAVAGE 0.7 E, MN US",0.0,
2023-12-20,GHCND:US1MNSC0083,44.7928191,-93.5135035,239.0,"SHAKOPEE 2.2 NW, MN US",0.0,
2023-12-20,GHCND:US1MNSE0002,44.0917,-93.2138,353.3,"OWATONNA 0.8 E, MN US",0.0,
2023-12-20,GHCND:US1MNSE0003,43.87046,-93.30365,391.4,"ELLENDALE 0.3 SW, MN US",0.0,
2023-12-20,GHCND:US1MNSE0020,44.093744,-93.19656,368.8,"OWATONNA 1.6 E, MN US",0.0,
2023-12-20,GHCND:US1MNSE0022,44.095189,-93.211128,362.4,"OWATONNA 1.0 ENE, MN US",0.0,
2023-12-20,GHCND:US1MNSH0010,45.4140893,-93.6919491,296.6,"BIG LAKE 5.6 NNE, MN US",0.0,
2023-12-20,GHCND:US1MNSH0029,45.52553,-93.51771,292.3,"PRINCETON 4.4 SE, MN US",0.0,
2023-12-20,GHCND:US1MNSH0035,45.334852,-93.631803,288.0,"ELK RIVER 3.2 W, MN US",0.0,
2023-12-20,GHCND:US1MNSH0038,45.308506,-93.562561,279.5,"ELK RIVER 1.6 S, MN US",0.0,
2023-12-20,GHCND:US1MNSH0039,45.4945,-93.6043,307.2,"ZIMMERMAN 3.7 N, MN US",0.0,
2023-12-20,GHCND:US1MNSH0044,45.303942,-93.732202,290.5,"BIG LAKE 2.7 SSE, MN US",0.0,
2023-12-20,GHCND:US1MNSH0053,45.4369372,-93.9593046,302.4,"CLEAR LAKE 2.0 ESE, MN US",0.0,
2023-12-20,GHCND:US1MNSH0055,45.4121274,-93.7710021,301.1,"BIG LAKE 5.0 NNW, MN US",0.0,
2023-12-20,GHCND:US1MNSL0005,46.81528,-92.06368,251.2,"DULUTH 3.0 NE, MN US",0.0,
2023-12-20,GHCND:US1MNSL0014,46.835689,-92.066022,374.3,"DULUTH 4.1 NNE, MN US",0.0,
2023-12-20,GHCND:US1MNSL0076,46.875684,-92.029039,353.6,"DULUTH 7.4 NNE, MN US",0.0,
2023-12-20,GHCND:US1MNSL0095,48.4498,-93.0542,341.7,"KABETOGAMA 1.5 NW, MN US",0.0,
2023-12-20,GHCND:US1MNSL0107,46.994083404541,-92.3126449584961,414.2,"DULUTH 17.6 NNW, MN US",0.0,
2023-12-20,GHCND:US1MNSL0108,47.4615,-92.6313,429.5,"IRON JUNCTION 3.4 NNW, MN US",0.0,
2023-12-20,GHCND:US1MNSL0115,47.151425,-92.357722,423.1,"COTTON 5.7 ESE, MN US",0.0,
2023-12-20,GHCND:US1MNSL0138,46.83425,-92.174385,417.9,"DULUTH 4.8 NW, MN US",0.0,
2023-12-20,GHCND:US1MNSL0139,46.770004,-92.088264,185.3,"DULUTH 1.2 SE, MN US",0.0,
2023-12-20,GHCND:US1MNSL0143,47.098,-92.4217,422.1,"CANYON 4.6 NNE, MN US",0.0,
2023-12-20,GHCND:US1MNSL0168,46.79391,-92.9257,403.3,"WRIGHT 9.2 NNE, MN US",0.0,
2023-12-20,GHCND:US1MNSL0171,48.429544,-93.034827,369.7,"KABETOGAMA 0.7 SSW, MN US",0.0,
2023-12-20,GHCND:US1MNSL0175,46.8386,-92.0514,339.2,"DULUTH 4.6 NE, MN US",0.0,
2023-12-20,GHCND:US1MNSL0190,46.8123,-92.0617,225.2,"DULUTH 2.9 NE, MN US",0.0,
2023-12-20,GHCND:US1MNSL0198,47.815103,-91.879673,441.0,"ELY 6.4 SSW, MN US",0.0,
2023-12-20,GHCND:US1MNSL0202,46.809751,-92.06341,226.8,"DULUTH 2.7 NE, MN US",0.0,
2023-12-20,GHCND:US1MNSL0223,47.599151,-92.297306,423.7,"BIWABIK 2.9 NNE, MN US",0.0,
2023-12-20,GHCND:US1MNSL0229,46.78142,-92.45159,395.0,"CLOQUET 4.5 NNE, MN US",0.0,
2023-12-20,GHCND:US1MNSL0232,47.0265948,-92.2152032,422.1,"DULUTH 17.6 NNW, MN US",0.0,
2023-12-20,GHCND:US1MNSL0234,47.704162,-93.060001,429.8,"SIDE LAKE 3.4 NW, MN US",0.0,
2023-12-20,GHCND:US1MNSL0265,47.527557,-92.92946,449.3,"CHISHOLM 3.6 NW, MN US",0.0,
2023-12-20,GHCND:US1MNSL0275,47.02555,-91.82335,357.8,"CLOVER VALLEY 2.1 NE, MN US",0.0,
2023-12-20,GHCND:US1MNSL0276,47.911588,-91.868873,423.1,"ELY 0.9 WNW, MN US",0.0,
2023-12-20,GHCND:US1MNSL0291,47.4246,-92.2392,429.2,"AURORA 7.4 S, MN US",0.0,
2023-12-20,GHCND:US1MNSL0294,46.691418,-92.205579,197.2,"DULUTH 7.9 SW, MN US",0.0,
2023-12-20,GHCND:US1MNSL0307,46.662061,-92.227531,205.4,"DULUTH 10.2 SW, MN US",0.0,
2023-12-20,GHCND:US1MNSL0319,47.5166544,-92.1301316,460.2,"HOYT LAKES 3.1 SSW, MN US",0.0,
2023-12-20,GHCND:US1MNSL0322,47.93437,-91.88587,449.6,"ELY 2.5 NW, MN US",0.0,
2023-12-20,GHCND:US1MNSL0323,47.875,-91.955,454.2,"ELY 5.2 WSW, MN US",0.0,
2023-12-20,GHCND:US1MNSL0327,47.925375,-92.66288,427.0,"COOK 6.0 N, MN US",0.0,
2023-12-20,GHCND:US1MNSL0328,47.88254,-91.86862,466.3,"ELY 1.8 SSW, MN US",0.0,
2023-12-20,GHCND:US1MNSR0009,45.601792,-94.1991,317.0,"SARTELL 1.4 SSE, MN US",0.0,
2023-12-20,GHCND:US1MNSR0020,45.563663482666,-94.3073883056641,329.5,"SAINT JOSEPH 0.2 N, MN US",0.0,
2023-12-20,GHCND:US1MNSR0024,45.3517,-94.7312,347.5,"PAYNESVILLE 1.9 SSW, MN US",0.0,
2023-12-20,GHCND:US1MNSR0025,45.45665,-94.447348,355.4,"COLD SPRING 0.8 W, MN US",0.0,
2023-12-20,GHCND:US1MNSR0027,45.686106,-95.09732,417.0,"SAUK CENTRE 7.8 WSW, MN US",0.0,
2023-12-20,GHCND:US1MNSR0029,45.574411,-94.555431,369.4,"ALBANY 3.8 S, MN US",0.0,
2023-12-20,GHCND:US1MNSR0033,45.596097,-94.246134,320.0,"SARTELL 2.6 SW, MN US",0.0,
2023-12-20,GHCND:US1MNSR0036,45.653172,-94.288769,346.3,"SAINT JOSEPH 6.4 N, MN US",0.0,
2023-12-20,GHCND:US1MNSR0039,45.453233,-94.515535,343.5,"RICHMOND 0.1 S, MN US",0.0,
2023-12-20,GHCND:US1MNSR0048,45.4195015,-94.1973761,326.7,"SAINT AUGUSTA 2.1 S, MN US",0.0,
2023-12-20,GHCND:US1MNSR0050,45.4538,-95.0067,387.1,"BELGRADE 0.4 WNW, MN US",0.0,
2023-12-20,GHCND:US1MNSR0061,45.4981365,-94.2906408,353.0,"SAINT CLOUD 8.2 WSW, MN US",0.0,
2023-12-20,GHCND:US1MNSR0063,45.463095,-94.228196,357.2,"SAINT CLOUD 7.6 SW, MN US",0.0,
2023-12-20,GHCND:US1MNSR0082,45.5682,-94.1654,317.9,"ST CLOUD 1.5 NW, MN US",0.0,
2023-12-20,GHCND:US1MNSR0086,45.4277642,-94.5803343,346.6,"RICHMOND 3.7 WSW, MN US",0.0,
2023-12-20,GHCND:US1MNSR0088,45.56514,-94.31532,338.6,"SAINT JOSEPH 0.5 NW, MN US",0.0,
2023-12-20,GHCND:US1MNSR0091,45.4068991,-94.304671,344.4,"KIMBALL 6.5 N, MN US",0.0,
2023-12-20,GHCND:US1MNSV0004,45.716491,-96.06043,338.0,"DONNELLY 2.9 NW, MN US",0.0,
2023-12-20,GHCND:US1MNSV0010,45.589718,-95.926238,348.7,"MORRIS 1.1 WNW, MN US",0.0,
2023-12-20,GHCND:US1MNTD0012,46.005881,-94.846491,400.5,"LONG PRAIRIE 2.1 NNE, MN US",0.0,
2023-12-20,GHCND:US1MNWB0004,44.23895,-92.455083,337.1,"ZUMBRO FALLS 3.5 SSW, MN US",0.0,
2023-12-20,GHCND:US1MNWB0011,44.388056,-92.164167,349.3,"WABASHA 6.2 WNW, MN US",0.0,
2023-12-20,GHCND:US1MNWB0015,44.309312,-91.998518,216.7,"KELLOGG 0.1 N, MN US",0.0,
2023-12-20,GHCND:US1MNWB0017,44.432821,-92.26927,217.3,"LAKE CITY 0.7 SE, MN US",0.0,
2023-12-20,GHCND:US1MNWC0008,44.11194444,-93.49972222,344.7,"WASECA 2.0 N, MN US",0.0,
2023-12-20,GHCND:US1MNWC0015,44.010242,-93.533609,338.6,"WASECA 5.2 SSW, MN US",0.0,
2023-12-20,GHCND:US1MNWD0012,46.45092,-95.11951,407.5,"WADENA 1.0 NE, MN US",0.0,
2023-12-20,GHCND:US1MNWG0008,45.0361,-92.954,296.6,"PINE SPRINGS 0.1 SSE, MN US",0.0,
2023-12-20,GHCND:US1MNWG0016,44.93054,-92.92486,298.7,"WOODBURY 1.7 N, MN US",0.0,
2023-12-20,GHCND:US1MNWG0020,45.070702,-92.808458,263.7,"STILLWATER 1.4 NE, MN US",0.0,
2023-12-20,GHCND:US1MNWG0035,45.03093,-92.842,291.4,"OAK PARK HEIGHTS 2.4 W, MN US",0.0,
2023-12-20,GHCND:US1MNWG0047,44.899959,-92.785845,246.0,"AFTON 1.6 E, MN US",0.0,
2023-12-20,GHCND:US1MNWG0051,44.9073905944824,-92.9284744262695,309.1,"WOODBURY 0.3 WNW, MN US",0.0,
2023-12-20,GHCND:US1MNWG0052,44.844012,-92.992399,235.0,"ST PAUL PARK 0.6 NNE, MN US",0.0,
2023-12-20,GHCND:US1MNWG0058,45.105154,-92.972897,283.2,"DELLWOOD 0.5 NNW, MN US",0.0,
2023-12-20,GHCND:US1MNWG0066,45.04298,-92.965671,306.6,"MAHTOMEDI 1.3 S, MN US",0.0,
2023-12-20,GHCND:US1MNWG0074,44.98208,-92.9651,324.3,"OAKDALE 0.4 S, MN US",0.0,
2023-12-20,GHCND:US1MNWG0080,45.0485151,-92.839234,282.5,"STILLWATER 0.8 SW, MN US",0.0,
2023-12-20,GHCND:US1MNWG0088,44.9093,-92.92522,302.1,"WOODBURY 0.3 NNW, MN US",0.0,
2023-12-20,GHCND:US1MNWG0098,45.029849,-92.823065,296.9,"OAK PARK HEIGHTS 0.7 WSW, MN US",0.0,
2023-12-20,GHCND:US1MNWG0112,45.0594224,-92.954521,301.8,"MAHTOMEDI 0.6 ESE, MN US",0.0,
2023-12-20,GHCND:US1MNWG0120,45.22421,-92.91683,289.6,"FOREST LAKE 2.9 SE, MN US",0.0,
2023-12-20,GHCND:US1MNWG0131,45.0157612206068,-92.7798168271697,216.1,"BAYPORT 0.2 ESE, MN US",0.0,
2023-12-20,GHCND:US1MNWG0136,45.04685,-92.81395,276.5,"STILLWATER 1.0 SE, MN US",0.0,
2023-12-20,GHCND:US1MNWG0157,45.1615311,-92.9808928,290.2,"HUGO 1.1 WSW, MN US",0.0,
2023-12-20,GHCND:US1MNWG0160,45.1805,-92.847,296.9,"MARINE ON SAINT CROIX 3.5 WSW, MN US",0.0,
2023-12-20,GHCND:US1MNWG0163,45.195,-92.848,291.1,"MARINE ON SAINT CROIX 3.3 W, MN US",0.0,
2023-12-20,GHCND:US1MNWG0168,44.87457,-92.97415,290.5,"WOODBURY 3.3 SW, MN US",0.0,
2023-12-20,GHCND:US1MNWK0005,46.5692,-96.7154,285.3,"WOLVERTON 1.1 ENE, MN US",0.0,
2023-12-20,GHCND:US1MNWN0021,44.04219,-91.63064,200.9,"WINONA 2.0 ESE, MN US",0.0,
2023-12-20,GHCND:US1MNWN0023,44.043389,-91.633245,200.3,"WINONA 1.9 ESE, MN US",0.0,
2023-12-20,GHCND:US1MNWN0024,43.87973,-91.340246,265.2,"LA CRESCENT 4.0 NNW, MN US",0.0,
2023-12-20,GHCND:US1MNWN0033,43.9979,-91.5513,258.8,"WINONA 6.9 ESE, MN US",0.0,
2023-12-20,GHCND:US1MNWR0008,45.201224,-93.665851,292.3,"SAINT MICHAEL 1.3 E, MN US",0.0,
2023-12-20,GHCND:US1MNWR0019,45.1031455993652,-93.7336807250977,318.2,"ROCKFORD 1.0 NE, MN US",0.0,
2023-12-20,GHCND:US1MNWR0025,45.208202,-93.652833,863.5,"SAINT MICHAEL 2.0 ENE, MN US",0.0,
2023-12-20,GHCND:US1MNWR0029,45.1840667724609,-93.8718032836914,307.2,"BUFFALO 0.5 NW, MN US",0.0,
2023-12-20,GHCND:US1MNWR0042,45.07454,-94.0812,313.6,"HOWARD LAKE 1.2 NW, MN US",0.0,
2023-12-20,GHCND:US1MNWR0074,45.251679,-93.65106,289.6,"ALBERTVILLE 1.2 NNE, MN US",0.0,
2023-12-20,GHCND:US1MNWR0084,45.294013393907,-93.6873182766079,289.9,"OTSEGO 3.8 WNW, MN US",0.0,
2023-12-20,GHCND:US1MNWR0102,45.1590095,-93.9429755,305.4,"BUFFALO 4.1 WSW, MN US",0.0,
2023-12-20,GHCND:US1MNWR0114,45.181407,-93.712478,301.1,"SAINT MICHAEL 1.7 SW, MN US",0.0,
2023-12-20,GHCND:US1MNWR0122,45.2283993,-93.5606785,282.5,"SAINT MICHAEL 6.7 ENE, MN US",0.0,
2023-12-20,GHCND:US1MNWR0124,45.2250893,-93.5664827,267.3,"SAINT MICHAEL 6.3 ENE, MN US",0.0,
2023-12-20,GHCND:US1MNYM0010,44.7181073,-96.0527442,341.7,"SAINT LEO 0.1 N, MN US",0.0,
2023-12-20,GHCND:US1MNYM0011,44.649821,-95.541359,324.0,"WOOD LAKE 0.3 WSW, MN US",0.0,
2023-12-20,GHCND:USC00210018,47.2991,-96.5161,276.5,"ADA, MN US",0.0,
2023-12-20,GHCND:USC00210050,48.3005,-95.9816,348.1,"AGASSIZ REFUGE, MN US",0.0,
2023-12-20,GHCND:USC00210075,43.6064,-93.3019,374.9,"ALBERT LEA 3 SE, MN US",0.0,
2023-12-20,GHCND:USC00210146,44.0634,-92.0398,263.7,"ALTURA 5 W, MN US",0.0,
2023-12-20,GHCND:USC00210190,45.2534,-93.2927,274.0,"ANDOVER 1 N, MN US",0.0,
2023-12-20,GHCND:USC00210287,45.38564,-96.12578,334.7,"ARTICHOKE LAKE 1 E, MN US",0.0,
2023-12-20,GHCND:USC00210355,43.6542,-92.9739,365.5,"AUSTIN WASTE WATER TREATMENT FACILITY, MN US",0.0,
2023-12-20,GHCND:USC00210515,48.7095,-94.5853,333.5,"BAUDETTE, MN US",0.0,
2023-12-20,GHCND:USC00210643,47.5353,-94.8268,414.5,"BEMIDJI, MN US",0.0,
2023-12-20,GHCND:USC00210667,45.3167,-95.6166,313.9,"BENSON, MN US",0.0,
2023-12-20,GHCND:USC00210746,48.1969,-93.7994,371.9,"BIG FALLS, MN US",0.0,
2023-12-20,GHCND:USC00210784,44.66489,-94.85456,326.1,"BIRD ISLAND 7 SSE, MN US",0.0,
2023-12-20,GHCND:USC00210855,43.6237,-94.0947,335.3,"BLUE EARTH 1 S, MN US",0.0,
2023-12-20,GHCND:USC00210939,46.3433,-94.2086,359.7,"BRAINERD, MN US",0.0,
2023-12-20,GHCND:USC00210989,47.2472,-91.8624,452.9,"BRIMSON 2 S, MN US",0.0,
2023-12-20,GHCND:USC00211065,44.7335,-94.3418,317.0,"BROWNTON WWTP, MN US",0.0,
2023-12-20,GHCND:USC00211074,46.3004,-92.5337,381.9,"BRUNO 7 ENE, MN US",0.0,
2023-12-20,GHCND:USC00211198,43.6309,-91.5027,344.7,"CALEDONIA, MN US",0.0,
2023-12-20,GHCND:USC00211227,45.55646,-93.23484,294.1,"CAMBRIDGE, MN US",0.0,
2023-12-20,GHCND:USC00211250,48.61,-95.1816,392.9,"CAMP NORRIS DNR, MN US",0.0,
2023-12-20,GHCND:USC00211263,44.7184,-96.2696,368.8,"CANBY, MN US",0.0,
2023-12-20,GHCND:USC00211374,47.3847,-94.6147,395.0,"CASS LAKE, MN US",0.0,
2023-12-20,GHCND:USC00211422,47.8663,-93.0266,391.7,"CELINA 2 E, MN US",0.0,
2023-12-20,GHCND:USC00211448,44.8496,-93.5644,288.3,"CHANHASSEN WSFO, MN US",0.0,
2023-12-20,GHCND:USC00211630,46.70539,-92.52391,385.6,"CLOQUET, MN US",0.0,
2023-12-20,GHCND:USC00211691,45.5794,-94.392,368.8,"COLLEGEVILLE ST. JOHN S, MN US",0.0,
2023-12-20,GHCND:USC00211771,47.8948,-92.5337,413.0,"COOK 8 NE, MN US",0.0,
2023-12-20,GHCND:USC00211773,47.8948,-92.5337,413.0,"COOK 8 NE, MN US",0.0,
2023-12-20,GHCND:USC00211891,47.8186,-96.6139,271.6,"CROOKSTON NW EXPERIMENTAL STATION, MN US",0.0,
2023-12-20,GHCND:USC00212023,45.04181,-94.27818,324.6,"DASSEL 3 SE, MN US",0.0,
2023-12-20,GHCND:USC00212038,44.9318,-96.045,321.6,"DAWSON, MN US",0.0,
2023-12-20,GHCND:USC00212088,45.04698,-93.77717,297.2,"DELANO, MN US",0.0,
2023-12-20,GHCND:USC00212142,46.8373,-95.8375,413.0,"DETROIT LAKES 1 NNE, MN US",0.0,
2023-12-20,GHCND:USC00212146,46.8576,-95.6068,470.0,"DETROIT LAKES 12 E, MN US",0.0,
2023-12-20,GHCND:USC00212250,46.8368,-92.2108,436.8,"DULUTH NWS, MN US",0.0,
2023-12-20,GHCND:USC00212486,44.0969,-92.2702,338.3,"ELGIN 2 SSW, MN US",0.0,
2023-12-20,GHCND:USC00212500,45.30565,-93.58253,274.3,"ELK RIVER, MN US",0.0,
2023-12-20,GHCND:USC00212555,47.97463,-91.44953,437.4,"ELY 25 E, MN US",0.0,
2023-12-20,GHCND:USC00212561,47.9056,-91.8283,449.6,"ELY, MN US",0.0,
2023-12-20,GHCND:USC00212576,47.64317,-92.22648,434.3,"EMBARRASS, MN US",0.0,
2023-12-20,GHCND:USC00212645,47.4581,-92.5303,440.4,"EVELETH WASTE WATER PLANT, MN US",0.0,
2023-12-20,GHCND:USC00212721,44.3092,-93.266,295.7,"FARIBAULT, MN US",0.0,
2023-12-20,GHCND:USC00212737,44.666,-93.17559,292.6,"FARMINGTON 3 NW, MN US",0.0,
2023-12-20,GHCND:USC00212842,46.9728,-92.87,384.0,"FLOODWOOD 3 NE, MN US",0.0,
2023-12-20,GHCND:USC00212881,45.33159,-92.89824,275.8,"FOREST LAKE 5 NE, MN US",0.0,
2023-12-20,GHCND:USC00213076,44.55647,-94.22077,310.9,"GAYLORD, MN US",0.0,
2023-12-20,GHCND:USC00213104,47.0792,-96.7758,269.7,"GEORGETOWN 1 E, MN US",0.0,
2023-12-20,GHCND:USC00213173,45.66583,-95.38688,429.8,"GLENWOOD 1 N, MN US",0.0,
2023-12-20,GHCND:USC00213282,47.7518,-90.3282,186.5,"GRAND MARAIS, MN US",0.0,
2023-12-20,GHCND:USC00213290,43.7047,-92.5644,411.5,"GRAND MEADOW, MN US",0.0,
2023-12-20,GHCND:USC00213296,47.9711,-89.6908,222.5,"GRAND PORTAGE RANGER STATION, MN US",0.0,
2023-12-20,GHCND:USC00213303,47.2436,-93.4975,399.3,"GRAND RAPIDS FRS LAB, MN US",0.0,
2023-12-20,GHCND:USC00213311,44.81346,-95.55172,283.5,"GRANITE FALLS, MN US",0.0,
2023-12-20,GHCND:USC00213411,46.4119,-94.3608,370.3,"GULL LAKE DAM, MN US",0.0,
2023-12-20,GHCND:USC00213417,48.1603,-90.8842,443.5,"GUNFLINT LAKE 10 NW, MN US",0.0,
2023-12-20,GHCND:USC00213455,48.7715,-96.9406,248.4,"HALLOCK, MN US",0.0,
2023-12-20,GHCND:USC00213567,44.7597,-92.8689,207.3,"HASTINGS DAM 2, MN US",0.0,
2023-12-20,GHCND:USC00213808,43.7637,-91.34815,197.2,"HOKAH WWTP, MN US",0.0,
2023-12-20,GHCND:USC00213812,43.79529,-91.42694,209.1,"HOKAH 4 NW, MN US",0.0,
2023-12-20,GHCND:USC00214106,47.2255,-95.1919,454.2,"ITASCA UNIVERSITY OF MINN, MN US",0.0,
2023-12-20,GHCND:USC00214176,44.6501,-93.6356,274.3,"JORDAN 1 SSW, MN US",0.0,
2023-12-20,GHCND:USC00214191,48.4088,-93.0484,365.8,"KABETOGAMA, MN US",0.0,
2023-12-20,GHCND:USC00214373,45.3533,-94.3056,353.6,"KIMBALL 3 N, MN US",0.0,
2023-12-20,GHCND:USC00214418,43.8657,-91.31,197.2,"LA CRESCENT DAM 7, MN US",0.0,
2023-12-20,GHCND:USC00214433,48.7241,-96.6218,300.8,"LAKE BRONSON DAM, MN US",0.0,
2023-12-20,GHCND:USC00214438,44.4363,-92.2793,213.4,"LAKE CITY, MN US",0.0,
2023-12-20,GHCND:USC00214453,43.7022,-95.1519,466.3,"LAKEFIELD 2 NE, MN US",0.0,
2023-12-20,GHCND:USC00214534,43.99878,-95.94908,503.8,"LAKE WILSON, MN US",0.0,
2023-12-20,GHCND:USC00214546,44.2395,-95.3152,347.5,"LAMBERTON SOUTHWEST RESEARCH AND OUTREACH CENTER, MN US",0.0,
2023-12-20,GHCND:USC00214562,48.85628,-96.81789,274.6,"LANCASTER, MN US",0.0,
2023-12-20,GHCND:USC00214652,47.2467,-94.2228,396.8,"LEECH LAKE DAM, MN US",0.0,
2023-12-20,GHCND:USC00214778,45.12794,-94.53468,341.4,"LITCHFIELD, MN US",0.0,
2023-12-20,GHCND:USC00214861,45.9646,-94.8892,408.4,"LONG PRAIRIE, MN US",0.0,
2023-12-20,GHCND:USC00214884,44.9784,-93.2469,229.8,"LOWER ST. ANTHONY FALLS, MN US",0.0,
2023-12-20,GHCND:USC00214937,43.6658,-96.2022,457.2,"LUVERNE, MN US",0.0,
2023-12-20,GHCND:USC00214990,43.52433,-91.76141,338.9,"MABEL, MN US",0.0,
2023-12-20,GHCND:USC00214994,45.00236,-96.16611,327.7,"MADISON WWTP, MN US",0.0,
2023-12-20,GHCND:USC00215204,44.4716,-95.79019,350.2,"MARSHALL, MN US",0.0,
2023-12-20,GHCND:USC00215325,45.6773,-94.80203,362.7,"MELROSE, MN US",0.0,
2023-12-20,GHCND:USC00215392,45.7532,-93.6617,324.3,"MILACA, MN US",0.0,
2023-12-20,GHCND:USC00215400,45.1219,-95.9269,310.9,"MILAN 1 NW, MN US",0.0,
2023-12-20,GHCND:USC00215482,44.55608,-95.98042,355.7,"MINNEOTA, MN US",0.0,
2023-12-20,GHCND:USC00215488,44.1601,-91.81247,204.2,"MINNESOTA CITY DAM 5, MN US",0.0,
2023-12-20,GHCND:USC00215615,45.8776,-93.3147,310.3,"MORA, MN US",0.0,
2023-12-20,GHCND:USC00215638,45.5901,-95.8745,347.5,"MORRIS WEST CENTRAL RESEARCH AND OUTREACH CENTER, MN US",0.0,
2023-12-20,GHCND:USC00215838,45.01,-93.3792,277.4,"NEW HOPE, MN US",0.0,
2023-12-20,GHCND:USC00215902,46.52017,-95.33735,431.3,"NEW YORK MILLS, MN US",0.0,
2023-12-20,GHCND:USC00215989,47.83583,-94.25556,431.3,"NORTHOME 3 S, MN US",0.0,
2023-12-20,GHCND:USC00216166,46.06773,-93.66663,384.0,"ONAMIA RANGER STATION, MN US",0.0,
2023-12-20,GHCND:USC00216211,48.0508,-92.7636,400.8,"ORR 3 E, MN US",0.0,
2023-12-20,GHCND:USC00216225,45.30858,-96.42961,335.0,"ORTONVILLE 1 N, MN US",0.0,
2023-12-20,GHCND:USC00216276,46.4145,-95.5464,411.2,"OTTERTAIL, MN US",0.0,
2023-12-20,GHCND:USC00216287,44.0976,-93.2318,347.5,"OWATONNA, MN US",0.0,
2023-12-20,GHCND:USC00216405,46.569,-96.0894,395.9,"PELICAN RAPIDS, MN US",0.0,
2023-12-20,GHCND:USC00216547,46.6694,-94.1089,381.0,"PINE RIVER DAM, MN US",0.0,
2023-12-20,GHCND:USC00216565,44.0138,-96.3258,519.7,"PIPESTONE, MN US",0.0,
2023-12-20,GHCND:USC00216612,47.2508,-93.5861,390.1,"POKEGAMA DAM, MN US",0.0,
2023-12-20,GHCND:USC00216654,43.6725,-92.0747,283.5,"PRESTON, MN US",0.0,
2023-12-20,GHCND:USC00216787,47.87945,-96.28446,316.4,"RED LAKE FALLS, MN US",0.0,
2023-12-20,GHCND:USC00216795,47.8761,-95.0167,370.6,"RED LAKE INDIAN AGCY, MN US",0.0,
2023-12-20,GHCND:USC00216817,44.57136,-92.52835,209.7,"RED WING, MN US",0.0,
2023-12-20,GHCND:USC00216822,44.6103,-92.6101,206.3,"RED WING DAM 3, MN US",0.0,
2023-12-20,GHCND:USC00216920,45.7576,-94.2072,323.1,"RICE, MN US",0.0,
2023-12-20,GHCND:USC00217011,43.9336,-92.4729,376.1,"ROCHESTER AIRPORT 2 NE, MN US",0.0,
2023-12-20,GHCND:USC00217107,44.71673,-93.09798,288.0,"ROSEMOUNT RESEARCH AND OUTREACH CENTER, MN US",0.0,
2023-12-20,GHCND:USC00217149,46.4808,-96.2869,367.0,"ROTHSAY, MN US",0.0,
2023-12-20,GHCND:USC00217184,43.8052,-91.7501,234.7,"RUSHFORD, MN US",0.0,
2023-12-20,GHCND:USC00217228,46.7764,-96.656,281.6,"SABIN, MN US",0.0,
2023-12-20,GHCND:USC00217326,43.9904,-94.6123,326.1,"ST. JAMES WWTP, MN US",0.0,
2023-12-20,GHCND:USC00217405,44.32233,-93.96561,242.3,"ST. PETER, MN US",0.0,
2023-12-20,GHCND:USC00217460,46.7953,-93.3211,376.1,"SANDY LAKE DAM LIBBY, MN US",0.0,
2023-12-20,GHCND:USC00217502,45.5459,-93.7571,307.8,"SANTIAGO 3 E, MN US",0.0,
2023-12-20,GHCND:USC00217555,46.6254,-95.0967,429.2,"SEBEKA, MN US",0.0,
2023-12-20,GHCND:USC00217602,43.6304,-94.7744,402.3,"SHERBURN 3 WSW, MN US",0.0,
2023-12-20,GHCND:USC00217941,43.6933,-92.3926,388.6,"SPRING VALLEY, MN US",0.0,
2023-12-20,GHCND:USC00218039,45.0455,-92.8522,273.7,"STILLWATER 2 SW, MN US",0.0,
2023-12-20,GHCND:USC00218215,47.339,-91.1959,216.1,"TETTEGOUCHE STATE PARK, MN US",0.0,
2023-12-20,GHCND:USC00218227,44.28118,-92.19434,229.5,"THEILMAN 1 SSW, MN US",0.0,
2023-12-20,GHCND:USC00218243,48.06667,-96.18333,339.9,"THIEF RIVER FALLS MUNICIPAL AIRPORT, MN US",0.0,
2023-12-20,GHCND:USC00218254,48.2109,-95.2475,377.0,"THORHULT, MN US",0.0,
2023-12-20,GHCND:USC00218311,47.7817,-92.2784,435.9,"TOWER 2 S, MN US",0.0,
2023-12-20,GHCND:USC00218323,44.2394,-95.6308,427.6,"TRACY, MN US",0.0,
2023-12-20,GHCND:USC00218419,47.0258,-91.6653,190.5,"TWO HARBORS, MN US",0.0,
2023-12-20,GHCND:USC00218421,47.1253,-91.7067,413.0,"TWO HARBORS 7 NW, MN US",0.0,
2023-12-20,GHCND:USC00218450,44.9902,-93.17995,295.7,"UNIVERSITY OF MN ST. PAUL, MN US",0.0,
2023-12-20,GHCND:USC00218477,45.04821,-93.09596,271.3,"VADNAIS LAKE, MN US",0.0,
2023-12-20,GHCND:USC00218552,44.38766,-92.06363,222.5,"WABASHA, MN US",0.0,
2023-12-20,GHCND:USC00218674,48.1954,-96.7761,260.6,"WARREN WSD, MN US",0.0,
2023-12-20,GHCND:USC00218681,48.896,-95.407,339.2,"WARROAD 4 W, MN US",0.0,
2023-12-20,GHCND:USC00218692,44.07063,-93.52647,349.6,"WASECA SOUTHERN RESEARCH AND OUTREACH CENTER, MN US",0.0,
2023-12-20,GHCND:USC00218700,48.2059,-94.4273,363.0,"WASKISH 4 NE, MN US",0.0,
2023-12-20,GHCND:USC00218729,45.0227,-95.7896,289.6,"WATSON 1 NE, MN US",0.0,
2023-12-20,GHCND:USC00218808,43.7468,-93.7368,345.9,"WELLS, MN US",0.0,
2023-12-20,GHCND:USC00218907,45.80808,-96.50419,310.3,"WHEATON, MN US",0.0,
2023-12-20,GHCND:USC00218947,45.86209,-96.56521,311.8,"WHITE ROCK DAM, MN US",0.0,
2023-12-20,GHCND:USC00218986,45.52309,-92.74899,256.0,"WILD RIVER STATE PARK, MN US",0.0,
2023-12-20,GHCND:USC00219033,43.877,-95.1159,421.8,"WINDOM, MN US",0.0,
2023-12-20,GHCND:USC00219046,43.7639,-94.1662,338.3,"WINNEBAGO, MN US",0.0,
2023-12-20,GHCND:USC00219059,47.4305,-94.0504,402.3,"WINNIBIGOSHISH DAM, MN US",0.0,
2023-12-20,GHCND:USC00219072,44.0876,-91.6703,202.1,"WINONA DAM 5 A, MN US",0.0,
2023-12-20,GHCND:USC00219134,47.3824,-91.1973,438.6,"WOLF RIDGE ELC, MN US",0.0,
2023-12-20,GHCND:USC00219170,43.6449,-95.5802,478.5,"WORTHINGTON 2 NNE, MN US",0.0,
2023-12-20,GHCND:USC00219173,46.6804,-92.9543,405.4,"WRIGHT 4 NW, MN US",0.0,
2023-12-20,GHCND:USC00219249,44.29982,-92.66544,298.7,"ZUMBROTA, MN US",0.0,
2023-12-20,GHCND:USC00470124,44.32684,-91.91933,204.2,"ALMA DAM 4, WI US",0.0,
2023-12-20,GHCND:USC00473038,43.5705,-91.2295,194.8,"GENOA DAM 8, WI US",0.0,
2023-12-20,GHCND:USC00477464,45.4117,-92.6466,228.6,"ST. CROIX FALLS, WI US",0.0,
2023-12-20,GHCND:USC00478349,46.727,-92.072,185.0,"SUPERIOR, WI US",0.0,
2023-12-20,GHCND:USC00478589,43.9994,-91.4378,201.2,"TREMPEALEAU DAM 6, MN US",0.0,
2023-12-20,GHCND:USR0000MAGA,48.5,-95.87,280.4,"AGASSIZ MINNESOTA, MN US",,-3.1
2023-12-20,GHCND:USR0000MBAU,48.6703,-94.6172,339.2,"BAUDETTE MINNESOTA, MN US",,-4.2
2023-12-20,GHCND:USR0000MBDA,46.8608,-94.7258,432.8,"BADOURA MINNESOTA, MN US",,-1.2
2023-12-20,GHCND:USR0000MBEM,47.5033,-94.9281,419.7,"BEMIDJI MINNESOTA, MN US",,-2.3
2023-12-20,GHCND:USR0000MBRN,46.4006,-94.1272,371.9,"BRAINERD MINNESOTA, MN US",,-0.5
2023-12-20,GHCND:USR0000MCLK,47.3778,-94.615,396.2,"CASS LAKE MINNESOTA, MN US",,-2.1
2023-12-20,GHCND:USR0000MCSA,45.3028,-93.1011,274.3,"CARLOS AVERY MINNESOTA, MN US",,0.2
2023-12-20,GHCND:USR0000MDET,46.8489,-95.8464,422.1,"DETROIT LAKES MINNESOTA, MN US",,-0.6
2023-12-20,GHCND:USR0000MEFF,47.7794,-93.6461,408.4,"EFFIE MINNESOTA, MN US",,-3.2
2023-12-20,GHCND:USR0000MELY,47.8833,-91.8667,443.5,"ELY MINNESOTA, MN US",,-5.6
2023-12-20,GHCND:USR0000MFER,47.9461,-91.4947,518.2,"FERNBERG MINNESOTA, MN US",,-6.6
2023-12-20,GHCND:USR0000MHIB,47.3919,-92.8347,411.5,"HIBBING MINNESOTA, MN US",,-3.1
2023-12-20,GHCND:USR0000MHIL,47.0375,-93.6042,408.4,"HILL CITY MINNESOTA, MN US",,-1.6
2023-12-20,GHCND:USR0000MISA,47.6303,-91.4083,606.6,"ISABELLA MINNESOTA, MN US",,-6.6
2023-12-20,GHCND:USR0000MITA,47.24,-95.19,451.1,"ITASCA MINNESOTA, MN US",,-1.9
2023-12-20,GHCND:USR0000MKAB,48.4417,-93.05,106.7,"KABNAM MINNESOTA, MN US",,-5.8
2023-12-20,GHCND:USR0000MKLL,47.9425,-94.455,412.1,"KELLIHER MINNESOTA, MN US",,-3.0
2023-12-20,GHCND:USR0000MLTF,45.9514,-94.3444,350.5,"LITTLE FALLS MINNESOTA, MN US",,0.3
2023-12-20,GHCND:USR0000MLTT,48.3894,-93.5642,344.7,"LITTLEFORK MINNESOTA, MN US",,-4.5
2023-12-20,GHCND:USR0000MMEA,48.1197,-92.1589,417.0,"MEANDER MINNESOTA, MN US",,-6.4
2023-12-20,GHCND:USR0000MMLK,46.4203,-92.8008,326.1,"MOOSE LAKE MINNESOTA, MN US",,-0.9
2023-12-20,GHCND:USR0000MMOR,45.89,-93.2697,308.5,"MORA MINNESOTA, MN US",,0.0
2023-12-20,GHCND:USR0000MORR,48.0189,-92.8572,403.9,"ORR MINNESOTA, MN US",,-4.7
2023-12-20,GHCND:USR0000MROS,48.85,-95.7,319.1,"ROSEAU MINNESOTA, MN US",,-4.2
2023-12-20,GHCND:USR0000MSAG,46.8436,-92.4617,405.4,"SAGINAW MINNESOTA, MN US",,-1.7
2023-12-20,GHCND:USR0000MSEA,48.1,-90.9,435.9,"SEAGULL MINNESOTA, MN US",,-9.2
2023-12-20,GHCND:USR0000MSHE,45.5325,-93.7503,353.0,"SHERBURNE MINNESOTA, MN US",,0.1
2023-12-20,GHCND:USW00004902,43.66472,-92.93333,375.8,"AUSTIN MUNICIPAL AIRPORT, MN US",0.0,
2023-12-20,GHCND:USW00004927,43.67667,-92.17972,388.9,"PRESTONE FILLMORE CO AIRPORT, MN US",0.0,
2023-12-20,GHCND:USW00004956,44.07694,-91.70806,199.9,"WINONA MUNICIPAL MAX CONRAD FIELD AIRPORT, MN US",0.0,
2023-12-20,GHCND:USW00004978,44.01778,-92.83139,397.8,"DODGE CENTER AIRPORT, MN US",0.0,
2023-12-20,GHCND:USW00004994,48.3055,-95.8744,350.5,"GOODRIDGE 12 NNW, MN US",0.0,
2023-12-20,GHCND:USW00014910,45.86801,-95.39399,432.8,"ALEXANDRIA CHANDLER FIELD, MN US",0.0,
2023-12-20,GHCND:USW00014913,46.8436,-92.18658,433.4,"DULUTH INTERNATIONAL AIRPORT, MN US",0.0,-2.1
2023-12-20,GHCND:USW00014918,48.55943,-93.39554,352.6,"INTERNATIONAL FALLS INTERNATIONAL AIRPORT, MN US",0.0,-5.4
2023-12-20,GHCND:USW00014922,44.88523,-93.23133,254.5,"MINNEAPOLIS ST. PAUL INTERNATIONAL AIRPORT, MN US",0.0,1.1
2023-12-20,GHCND:USW00014924,48.9713,-97.2414,240.8,"PEMBINA, ND US",0.0,
2023-12-20,GHCND:USW00014925,43.904,-92.49207,397.9,"ROCHESTER INTERNATIONAL AIRPORT, MN US",0.0,-0.9
2023-12-20,GHCND:USW00014926,45.54416,-94.0516,310.2,"ST. CLOUD REGIONAL AIRPORT, MN US",0.0,0.9
2023-12-20,GHCND:USW00014927,44.93234,-93.05586,213.3,"ST. PAUL DOWNTOWN AIRPORT, MN US",0.0,
2023-12-20,GHCND:USW00014954,44.21667,-93.91667,311.2,"MANKATO MUNICIPAL AIRPORT, MN US",0.0,
2023-12-20,GHCND:USW00014992,44.54827,-95.08042,312.7,"REDWOOD FALLS MUNICIPAL AIRPORT, MN US",0.0,
2023-12-20,GHCND:USW00054932,46.1135,-92.9936,344.4,"SANDSTONE 6 W, MN US",0.0,
2023-12-20,GHCND:USW00094931,47.38039,-92.83246,408.2,"HIBBING CHISHOLM HIBBING AIRPORT, MN US",0.0,
2023-12-20,GHCND:USW00094938,46.40206,-94.12734,372.5,"BRAINERD CROW WING CO AIRPORT, MN US",0.0,
2023-12-20,GHCND:USW00094948,43.65,-94.41667,353.9,"FAIRMONT MUNICIPAL AIRPORT, MN US",0.0,
2023-12-20,GHCND:USW00094960,45.06222,-93.35107,263.4,"MINNEAPOLIS CRYSTAL AIRPORT, MN US",0.0,
2023-12-20,GHCND:USW00094961,48.72606,-94.61216,329.8,"BAUDETTE INTERNATIONAL AIRPORT, MN US",0.0,
2023-12-20,GHCND:USW00094963,44.83214,-93.47051,275.7,"MINNEAPOLIS FLYING CLOUD AIRPORT, MN US",0.0,
2023-12-20,GHCND:USW00094967,46.89967,-95.06682,439.3,"PARK RAPIDS MUNICIPAL AIRPORT, MN US",0.0,
2023-12-20,GHCND:USW00094976,44.45,-95.81667,360.9,"MARSHALL RYAN FIELD, MN US",0.0,
2023-12-20,GHCND:USW00094992,47.745404,-90.345639,185.0,"GRAND MARAIS, MN US",0.0,
